--
-- PostgreSQL database dump
--

-- Dumped from database version 16.4 (Ubuntu 16.4-1.pgdg24.04+1)
-- Dumped by pg_dump version 16.4 (Ubuntu 16.4-1.pgdg24.04+1)

-- Started on 2024-08-18 16:50:35 CDT
/*
SET statement_timeout = 0;
SET lock_timeout = 0;
SET idle_in_transaction_session_timeout = 0;
SET client_encoding = 'UTF8';
SET standard_conforming_strings = on;
SELECT pg_catalog.set_config('search_path', '', false);
SET check_function_bodies = false;
SET xmloption = content;
SET client_min_messages = warning;
SET row_security = off;

--
-- TOC entry 3730 (class 1262 OID 25325)
-- Name: db_pastoral; Type: DATABASE; Schema: -; Owner: postgres
--

CREATE DATABASE db_pastoral WITH TEMPLATE = template0 ENCODING = 'UTF8' LOCALE_PROVIDER = libc LOCALE = 'en_US.UTF-8';


ALTER DATABASE db_pastoral OWNER TO postgres;

\connect db_pastoral

SET statement_timeout = 0;
SET lock_timeout = 0;
SET idle_in_transaction_session_timeout = 0;
SET client_encoding = 'UTF8';
SET standard_conforming_strings = on;
SELECT pg_catalog.set_config('search_path', '', false);
SET check_function_bodies = false;
SET xmloption = content;
SET client_min_messages = warning;
SET row_security = off;

SET default_tablespace = '';

SET default_table_access_method = heap;
*/
--
-- TOC entry 216 (class 1259 OID 25327)
-- Name: django_migrations; Type: TABLE; Schema: public; Owner: postgres
--

--CREATE DATABASE db_pastoral WITH TEMPLATE = template0 ENCODING = 'UTF8' LOCALE_PROVIDER = libc LOCALE = 'en_US.UTF-8';


CREATE TABLE public.django_migrations (
    id bigint NOT NULL,
    app character varying(255) NOT NULL,
    name character varying(255) NOT NULL,
    applied timestamp with time zone NOT NULL
);


ALTER TABLE public.django_migrations OWNER TO postgres;

--
-- TOC entry 215 (class 1259 OID 25326)
-- Name: django_migrations_id_seq; Type: SEQUENCE; Schema: public; Owner: postgres
--

ALTER TABLE public.django_migrations ALTER COLUMN id ADD GENERATED BY DEFAULT AS IDENTITY (
    SEQUENCE NAME public.django_migrations_id_seq
    START WITH 1
    INCREMENT BY 1
    NO MINVALUE
    NO MAXVALUE
    CACHE 1
);


--
-- TOC entry 224 (class 1259 OID 25365)
-- Name: tb_academic_level; Type: TABLE; Schema: public; Owner: postgres
--

CREATE TABLE public.tb_academic_level (
    id bigint NOT NULL,
    name character varying(50) NOT NULL
);


ALTER TABLE public.tb_academic_level OWNER TO postgres;

--
-- TOC entry 223 (class 1259 OID 25364)
-- Name: tb_academic_level_id_seq; Type: SEQUENCE; Schema: public; Owner: postgres
--

ALTER TABLE public.tb_academic_level ALTER COLUMN id ADD GENERATED BY DEFAULT AS IDENTITY (
    SEQUENCE NAME public.tb_academic_level_id_seq
    START WITH 1
    INCREMENT BY 1
    NO MINVALUE
    NO MAXVALUE
    CACHE 1
);


--
-- TOC entry 242 (class 1259 OID 25519)
-- Name: tb_agreement; Type: TABLE; Schema: public; Owner: postgres
--

CREATE TABLE public.tb_agreement (
    created_date timestamp with time zone NOT NULL,
    id bigint NOT NULL,
    description character varying(500) NOT NULL,
    state boolean NOT NULL,
    updated_date timestamp with time zone,
    institution_id bigint NOT NULL
);


ALTER TABLE public.tb_agreement OWNER TO postgres;

--
-- TOC entry 241 (class 1259 OID 25518)
-- Name: tb_agreement_id_seq; Type: SEQUENCE; Schema: public; Owner: postgres
--

ALTER TABLE public.tb_agreement ALTER COLUMN id ADD GENERATED BY DEFAULT AS IDENTITY (
    SEQUENCE NAME public.tb_agreement_id_seq
    START WITH 1
    INCREMENT BY 1
    NO MINVALUE
    NO MAXVALUE
    CACHE 1
);


--
-- TOC entry 244 (class 1259 OID 25533)
-- Name: tb_agreement_project; Type: TABLE; Schema: public; Owner: postgres
--

CREATE TABLE public.tb_agreement_project (
    created_date timestamp with time zone NOT NULL,
    id bigint NOT NULL,
    description_project character varying(500) NOT NULL,
    state_project integer NOT NULL,
    start_date timestamp with time zone,
    end_date timestamp with time zone,
    updated_date timestamp with time zone,
    agreement_id bigint NOT NULL
);


ALTER TABLE public.tb_agreement_project OWNER TO postgres;

--
-- TOC entry 243 (class 1259 OID 25532)
-- Name: tb_agreement_project_id_seq; Type: SEQUENCE; Schema: public; Owner: postgres
--

ALTER TABLE public.tb_agreement_project ALTER COLUMN id ADD GENERATED BY DEFAULT AS IDENTITY (
    SEQUENCE NAME public.tb_agreement_project_id_seq
    START WITH 1
    INCREMENT BY 1
    NO MINVALUE
    NO MAXVALUE
    CACHE 1
);


--
-- TOC entry 254 (class 1259 OID 26042)
-- Name: tb_chaplain; Type: TABLE; Schema: public; Owner: postgres
--

CREATE TABLE public.tb_chaplain (
    created_date timestamp with time zone NOT NULL,
    id bigint NOT NULL,
    status boolean NOT NULL,
    history text,
    profile_id integer NOT NULL,
    start_date timestamp with time zone,
    end_date timestamp with time zone,
    renewal_date timestamp with time zone,
    updated_date timestamp with time zone,
    congregation_id bigint,
    pastoral_member_id bigint NOT NULL
);


ALTER TABLE public.tb_chaplain OWNER TO postgres;

--
-- TOC entry 253 (class 1259 OID 26041)
-- Name: tb_chaplain_id_seq; Type: SEQUENCE; Schema: public; Owner: postgres
--

ALTER TABLE public.tb_chaplain ALTER COLUMN id ADD GENERATED BY DEFAULT AS IDENTITY (
    SEQUENCE NAME public.tb_chaplain_id_seq
    START WITH 1
    INCREMENT BY 1
    NO MINVALUE
    NO MAXVALUE
    CACHE 1
);


--
-- TOC entry 232 (class 1259 OID 25389)
-- Name: tb_congregation; Type: TABLE; Schema: public; Owner: postgres
--

CREATE TABLE public.tb_congregation (
    id bigint NOT NULL,
    name character varying(50) NOT NULL,
    religion_id bigint
);


ALTER TABLE public.tb_congregation OWNER TO postgres;

--
-- TOC entry 231 (class 1259 OID 25388)
-- Name: tb_congregation_id_seq; Type: SEQUENCE; Schema: public; Owner: postgres
--

ALTER TABLE public.tb_congregation ALTER COLUMN id ADD GENERATED BY DEFAULT AS IDENTITY (
    SEQUENCE NAME public.tb_congregation_id_seq
    START WITH 1
    INCREMENT BY 1
    NO MINVALUE
    NO MAXVALUE
    CACHE 1
);


--
-- TOC entry 218 (class 1259 OID 25335)
-- Name: tb_country; Type: TABLE; Schema: public; Owner: postgres
--

CREATE TABLE public.tb_country (
    id bigint NOT NULL,
    name character varying(50) NOT NULL,
    nationality character varying(50) NOT NULL
);


ALTER TABLE public.tb_country OWNER TO postgres;

--
-- TOC entry 217 (class 1259 OID 25334)
-- Name: tb_country_id_seq; Type: SEQUENCE; Schema: public; Owner: postgres
--

ALTER TABLE public.tb_country ALTER COLUMN id ADD GENERATED BY DEFAULT AS IDENTITY (
    SEQUENCE NAME public.tb_country_id_seq
    START WITH 1
    INCREMENT BY 1
    NO MINVALUE
    NO MAXVALUE
    CACHE 1
);


--
-- TOC entry 222 (class 1259 OID 25347)
-- Name: tb_county; Type: TABLE; Schema: public; Owner: postgres
--

CREATE TABLE public.tb_county (
    id bigint NOT NULL,
    name character varying(50) NOT NULL,
    province_id bigint NOT NULL
);


ALTER TABLE public.tb_county OWNER TO postgres;

--
-- TOC entry 221 (class 1259 OID 25346)
-- Name: tb_county_id_seq; Type: SEQUENCE; Schema: public; Owner: postgres
--

ALTER TABLE public.tb_county ALTER COLUMN id ADD GENERATED BY DEFAULT AS IDENTITY (
    SEQUENCE NAME public.tb_county_id_seq
    START WITH 1
    INCREMENT BY 1
    NO MINVALUE
    NO MAXVALUE
    CACHE 1
);


--
-- TOC entry 240 (class 1259 OID 25486)
-- Name: tb_institution; Type: TABLE; Schema: public; Owner: postgres
--

CREATE TABLE public.tb_institution (
    created_date timestamp with time zone NOT NULL,
    id bigint NOT NULL,
    name character varying(100) NOT NULL,
    email character varying(100),
    phone character varying(20) NOT NULL,
    street character varying(100),
    code character varying(10),
    state boolean NOT NULL,
    updated_date timestamp with time zone,
    country_id bigint,
    county_id bigint,
    type_id bigint NOT NULL
);


ALTER TABLE public.tb_institution OWNER TO postgres;

--
-- TOC entry 239 (class 1259 OID 25485)
-- Name: tb_institution_id_seq; Type: SEQUENCE; Schema: public; Owner: postgres
--

ALTER TABLE public.tb_institution ALTER COLUMN id ADD GENERATED BY DEFAULT AS IDENTITY (
    SEQUENCE NAME public.tb_institution_id_seq
    START WITH 1
    INCREMENT BY 1
    NO MINVALUE
    NO MAXVALUE
    CACHE 1
);


--
-- TOC entry 258 (class 1259 OID 26076)
-- Name: tb_pastoral_activity; Type: TABLE; Schema: public; Owner: postgres
--

CREATE TABLE public.tb_pastoral_activity (
    created_date timestamp with time zone NOT NULL,
    id bigint NOT NULL,
    name character varying(100) NOT NULL,
    description character varying(1000),
    start_date timestamp with time zone NOT NULL,
    end_date timestamp with time zone NOT NULL,
    updated_date timestamp with time zone,
    type_activity_id bigint NOT NULL,
    is_published boolean NOT NULL,
    publication_date timestamp with time zone,
    status character varying(2) NOT NULL,
    suspended_date timestamp with time zone
);


ALTER TABLE public.tb_pastoral_activity OWNER TO postgres;

--
-- TOC entry 257 (class 1259 OID 26075)
-- Name: tb_pastoral_activity_id_seq; Type: SEQUENCE; Schema: public; Owner: postgres
--

ALTER TABLE public.tb_pastoral_activity ALTER COLUMN id ADD GENERATED BY DEFAULT AS IDENTITY (
    SEQUENCE NAME public.tb_pastoral_activity_id_seq
    START WITH 1
    INCREMENT BY 1
    NO MINVALUE
    NO MAXVALUE
    CACHE 1
);


--
-- TOC entry 260 (class 1259 OID 26090)
-- Name: tb_pastoral_activity_member; Type: TABLE; Schema: public; Owner: postgres
--

CREATE TABLE public.tb_pastoral_activity_member (
    created_date timestamp with time zone NOT NULL,
    id bigint NOT NULL,
    start_date timestamp with time zone NOT NULL,
    end_date timestamp with time zone NOT NULL,
    updated_date timestamp with time zone,
    cancellation_date timestamp with time zone,
    status_activity character varying(2) NOT NULL,
    pastoral_activity_id bigint NOT NULL,
    pastoral_coordination_id bigint,
    pastoral_member_id bigint,
    payment double precision NOT NULL,
    pastoral_visitor_id bigint
);


ALTER TABLE public.tb_pastoral_activity_member OWNER TO postgres;

--
-- TOC entry 259 (class 1259 OID 26089)
-- Name: tb_pastoral_activity_member_id_seq; Type: SEQUENCE; Schema: public; Owner: postgres
--

ALTER TABLE public.tb_pastoral_activity_member ALTER COLUMN id ADD GENERATED BY DEFAULT AS IDENTITY (
    SEQUENCE NAME public.tb_pastoral_activity_member_id_seq
    START WITH 1
    INCREMENT BY 1
    NO MINVALUE
    NO MAXVALUE
    CACHE 1
);


--
-- TOC entry 256 (class 1259 OID 26062)
-- Name: tb_pastoral_coordination; Type: TABLE; Schema: public; Owner: postgres
--

CREATE TABLE public.tb_pastoral_coordination (
    created_date timestamp with time zone NOT NULL,
    id bigint NOT NULL,
    status boolean NOT NULL,
    history text,
    profile_id integer NOT NULL,
    start_date timestamp with time zone,
    end_date timestamp with time zone,
    updated_date timestamp with time zone,
    renewal_date timestamp with time zone,
    pastoral_member_id bigint NOT NULL
);


ALTER TABLE public.tb_pastoral_coordination OWNER TO postgres;

--
-- TOC entry 255 (class 1259 OID 26061)
-- Name: tb_pastoral_coordination_id_seq; Type: SEQUENCE; Schema: public; Owner: postgres
--

ALTER TABLE public.tb_pastoral_coordination ALTER COLUMN id ADD GENERATED BY DEFAULT AS IDENTITY (
    SEQUENCE NAME public.tb_pastoral_coordination_id_seq
    START WITH 1
    INCREMENT BY 1
    NO MINVALUE
    NO MAXVALUE
    CACHE 1
);


--
-- TOC entry 248 (class 1259 OID 25879)
-- Name: tb_pastoral_group; Type: TABLE; Schema: public; Owner: postgres
--

CREATE TABLE public.tb_pastoral_group (
    created_date timestamp with time zone NOT NULL,
    id bigint NOT NULL,
    name character varying(100) NOT NULL,
    abbreviation character varying(10),
    description character varying(2000),
    logo character varying(50) NOT NULL,
    url character varying(50) NOT NULL,
    updated_date timestamp with time zone,
    foundation_date timestamp with time zone
);


ALTER TABLE public.tb_pastoral_group OWNER TO postgres;

--
-- TOC entry 247 (class 1259 OID 25878)
-- Name: tb_pastoral_group_id_seq; Type: SEQUENCE; Schema: public; Owner: postgres
--

ALTER TABLE public.tb_pastoral_group ALTER COLUMN id ADD GENERATED BY DEFAULT AS IDENTITY (
    SEQUENCE NAME public.tb_pastoral_group_id_seq
    START WITH 1
    INCREMENT BY 1
    NO MINVALUE
    NO MAXVALUE
    CACHE 1
);


--
-- TOC entry 250 (class 1259 OID 25887)
-- Name: tb_pastoral_member; Type: TABLE; Schema: public; Owner: postgres
--

CREATE TABLE public.tb_pastoral_member (
    created_date timestamp with time zone NOT NULL,
    id bigint NOT NULL,
    first_name character varying(30) NOT NULL,
    last_name character varying(50) NOT NULL,
    photo character varying(100),
    email character varying(100) NOT NULL,
    phone character varying(20) NOT NULL,
    birth_date timestamp with time zone,
    gender character varying(1),
    civil_state character varying(1) NOT NULL,
    state boolean NOT NULL,
    street character varying(30),
    house_number character varying(10),
    updated_date timestamp with time zone,
    academic_level_id bigint,
    county_id bigint,
    nacionality_id bigint,
    religion_id bigint,
    sacrament_id bigint,
    school_id bigint,
    university_id bigint
);


ALTER TABLE public.tb_pastoral_member OWNER TO postgres;

--
-- TOC entry 252 (class 1259 OID 25942)
-- Name: tb_pastoral_member_has_group; Type: TABLE; Schema: public; Owner: postgres
--

CREATE TABLE public.tb_pastoral_member_has_group (
    created_date timestamp with time zone NOT NULL,
    id bigint NOT NULL,
    updated_date timestamp with time zone,
    pastoral_group_id bigint NOT NULL,
    pastoral_member_id bigint NOT NULL
);


ALTER TABLE public.tb_pastoral_member_has_group OWNER TO postgres;

--
-- TOC entry 251 (class 1259 OID 25941)
-- Name: tb_pastoral_member_has_group_id_seq; Type: SEQUENCE; Schema: public; Owner: postgres
--

ALTER TABLE public.tb_pastoral_member_has_group ALTER COLUMN id ADD GENERATED BY DEFAULT AS IDENTITY (
    SEQUENCE NAME public.tb_pastoral_member_has_group_id_seq
    START WITH 1
    INCREMENT BY 1
    NO MINVALUE
    NO MAXVALUE
    CACHE 1
);


--
-- TOC entry 249 (class 1259 OID 25886)
-- Name: tb_pastoral_member_id_seq; Type: SEQUENCE; Schema: public; Owner: postgres
--

ALTER TABLE public.tb_pastoral_member ALTER COLUMN id ADD GENERATED BY DEFAULT AS IDENTITY (
    SEQUENCE NAME public.tb_pastoral_member_id_seq
    START WITH 1
    INCREMENT BY 1
    NO MINVALUE
    NO MAXVALUE
    CACHE 1
);


--
-- TOC entry 262 (class 1259 OID 26115)
-- Name: tb_pastoral_visitor; Type: TABLE; Schema: public; Owner: postgres
--

CREATE TABLE public.tb_pastoral_visitor (
    created_date timestamp with time zone NOT NULL,
    id bigint NOT NULL,
    name character varying(100) NOT NULL,
    email character varying(100) NOT NULL,
    phone character varying(20) NOT NULL,
    updated_date timestamp with time zone,
    state boolean NOT NULL
);


ALTER TABLE public.tb_pastoral_visitor OWNER TO postgres;

--
-- TOC entry 261 (class 1259 OID 26114)
-- Name: tb_pastoral_visitor_id_seq; Type: SEQUENCE; Schema: public; Owner: postgres
--

ALTER TABLE public.tb_pastoral_visitor ALTER COLUMN id ADD GENERATED BY DEFAULT AS IDENTITY (
    SEQUENCE NAME public.tb_pastoral_visitor_id_seq
    START WITH 1
    INCREMENT BY 1
    NO MINVALUE
    NO MAXVALUE
    CACHE 1
);


--
-- TOC entry 246 (class 1259 OID 25547)
-- Name: tb_provider; Type: TABLE; Schema: public; Owner: postgres
--

CREATE TABLE public.tb_provider (
    created_date timestamp with time zone NOT NULL,
    id bigint NOT NULL,
    nif character varying(20) NOT NULL,
    update_date timestamp with time zone,
    institution_id bigint NOT NULL
);


ALTER TABLE public.tb_provider OWNER TO postgres;

--
-- TOC entry 245 (class 1259 OID 25546)
-- Name: tb_provider_id_seq; Type: SEQUENCE; Schema: public; Owner: postgres
--

ALTER TABLE public.tb_provider ALTER COLUMN id ADD GENERATED BY DEFAULT AS IDENTITY (
    SEQUENCE NAME public.tb_provider_id_seq
    START WITH 1
    INCREMENT BY 1
    NO MINVALUE
    NO MAXVALUE
    CACHE 1
);


--
-- TOC entry 220 (class 1259 OID 25341)
-- Name: tb_province; Type: TABLE; Schema: public; Owner: postgres
--

CREATE TABLE public.tb_province (
    id bigint NOT NULL,
    name character varying(50) NOT NULL,
    country_id bigint NOT NULL
);


ALTER TABLE public.tb_province OWNER TO postgres;

--
-- TOC entry 219 (class 1259 OID 25340)
-- Name: tb_province_id_seq; Type: SEQUENCE; Schema: public; Owner: postgres
--

ALTER TABLE public.tb_province ALTER COLUMN id ADD GENERATED BY DEFAULT AS IDENTITY (
    SEQUENCE NAME public.tb_province_id_seq
    START WITH 1
    INCREMENT BY 1
    NO MINVALUE
    NO MAXVALUE
    CACHE 1
);


--
-- TOC entry 264 (class 1259 OID 26127)
-- Name: tb_publication; Type: TABLE; Schema: public; Owner: postgres
--

CREATE TABLE public.tb_publication (
    created_date timestamp with time zone NOT NULL,
    id bigint NOT NULL,
    title character varying(100) NOT NULL,
    description character varying(500),
    status boolean NOT NULL,
    updated_date timestamp with time zone,
    pastoral_activity_id bigint,
    path_photo character varying(100)
);


ALTER TABLE public.tb_publication OWNER TO postgres;

--
-- TOC entry 263 (class 1259 OID 26126)
-- Name: tb_publication_id_seq; Type: SEQUENCE; Schema: public; Owner: postgres
--

ALTER TABLE public.tb_publication ALTER COLUMN id ADD GENERATED BY DEFAULT AS IDENTITY (
    SEQUENCE NAME public.tb_publication_id_seq
    START WITH 1
    INCREMENT BY 1
    NO MINVALUE
    NO MAXVALUE
    CACHE 1
);


--
-- TOC entry 234 (class 1259 OID 25397)
-- Name: tb_religion; Type: TABLE; Schema: public; Owner: postgres
--

CREATE TABLE public.tb_religion (
    id bigint NOT NULL,
    name character varying(50) NOT NULL
);


ALTER TABLE public.tb_religion OWNER TO postgres;

--
-- TOC entry 233 (class 1259 OID 25396)
-- Name: tb_religion_id_seq; Type: SEQUENCE; Schema: public; Owner: postgres
--

ALTER TABLE public.tb_religion ALTER COLUMN id ADD GENERATED BY DEFAULT AS IDENTITY (
    SEQUENCE NAME public.tb_religion_id_seq
    START WITH 1
    INCREMENT BY 1
    NO MINVALUE
    NO MAXVALUE
    CACHE 1
);


--
-- TOC entry 236 (class 1259 OID 25405)
-- Name: tb_sacrament; Type: TABLE; Schema: public; Owner: postgres
--

CREATE TABLE public.tb_sacrament (
    id bigint NOT NULL,
    name character varying(50) NOT NULL
);


ALTER TABLE public.tb_sacrament OWNER TO postgres;

--
-- TOC entry 235 (class 1259 OID 25404)
-- Name: tb_sacrament_id_seq; Type: SEQUENCE; Schema: public; Owner: postgres
--

ALTER TABLE public.tb_sacrament ALTER COLUMN id ADD GENERATED BY DEFAULT AS IDENTITY (
    SEQUENCE NAME public.tb_sacrament_id_seq
    START WITH 1
    INCREMENT BY 1
    NO MINVALUE
    NO MAXVALUE
    CACHE 1
);


--
-- TOC entry 226 (class 1259 OID 25371)
-- Name: tb_school; Type: TABLE; Schema: public; Owner: postgres
--

CREATE TABLE public.tb_school (
    id bigint NOT NULL,
    name character varying(50) NOT NULL,
    abbreviation character varying(5) NOT NULL
);


ALTER TABLE public.tb_school OWNER TO postgres;

--
-- TOC entry 225 (class 1259 OID 25370)
-- Name: tb_school_id_seq; Type: SEQUENCE; Schema: public; Owner: postgres
--

ALTER TABLE public.tb_school ALTER COLUMN id ADD GENERATED BY DEFAULT AS IDENTITY (
    SEQUENCE NAME public.tb_school_id_seq
    START WITH 1
    INCREMENT BY 1
    NO MINVALUE
    NO MAXVALUE
    CACHE 1
);


--
-- TOC entry 228 (class 1259 OID 25377)
-- Name: tb_type_activity; Type: TABLE; Schema: public; Owner: postgres
--

CREATE TABLE public.tb_type_activity (
    id bigint NOT NULL,
    name character varying(50) NOT NULL
);


ALTER TABLE public.tb_type_activity OWNER TO postgres;

--
-- TOC entry 227 (class 1259 OID 25376)
-- Name: tb_type_activity_id_seq; Type: SEQUENCE; Schema: public; Owner: postgres
--

ALTER TABLE public.tb_type_activity ALTER COLUMN id ADD GENERATED BY DEFAULT AS IDENTITY (
    SEQUENCE NAME public.tb_type_activity_id_seq
    START WITH 1
    INCREMENT BY 1
    NO MINVALUE
    NO MAXVALUE
    CACHE 1
);


--
-- TOC entry 238 (class 1259 OID 25480)
-- Name: tb_type_institution; Type: TABLE; Schema: public; Owner: postgres
--

CREATE TABLE public.tb_type_institution (
    id bigint NOT NULL,
    name character varying(50) NOT NULL
);


ALTER TABLE public.tb_type_institution OWNER TO postgres;

--
-- TOC entry 237 (class 1259 OID 25479)
-- Name: tb_type_institution_id_seq; Type: SEQUENCE; Schema: public; Owner: postgres
--

ALTER TABLE public.tb_type_institution ALTER COLUMN id ADD GENERATED BY DEFAULT AS IDENTITY (
    SEQUENCE NAME public.tb_type_institution_id_seq
    START WITH 1
    INCREMENT BY 1
    NO MINVALUE
    NO MAXVALUE
    CACHE 1
);


--
-- TOC entry 230 (class 1259 OID 25383)
-- Name: tb_university; Type: TABLE; Schema: public; Owner: postgres
--

CREATE TABLE public.tb_university (
    id bigint NOT NULL,
    name character varying(50) NOT NULL,
    abbreviation character varying(5) NOT NULL
);


ALTER TABLE public.tb_university OWNER TO postgres;

--
-- TOC entry 229 (class 1259 OID 25382)
-- Name: tb_university_id_seq; Type: SEQUENCE; Schema: public; Owner: postgres
--

ALTER TABLE public.tb_university ALTER COLUMN id ADD GENERATED BY DEFAULT AS IDENTITY (
    SEQUENCE NAME public.tb_university_id_seq
    START WITH 1
    INCREMENT BY 1
    NO MINVALUE
    NO MAXVALUE
    CACHE 1
);


--
-- TOC entry 3676 (class 0 OID 25327)
-- Dependencies: 216
-- Data for Name: django_migrations; Type: TABLE DATA; Schema: public; Owner: postgres
--

INSERT INTO public.django_migrations (id, app, name, applied) VALUES (1, 'address_api', '0001_initial', '2024-08-10 11:23:32.424754-05') ON CONFLICT DO NOTHING;
INSERT INTO public.django_migrations (id, app, name, applied) VALUES (2, 'general_api', '0001_initial', '2024-08-10 12:24:59.408183-05') ON CONFLICT DO NOTHING;
INSERT INTO public.django_migrations (id, app, name, applied) VALUES (3, 'religion_api', '0001_initial', '2024-08-10 15:36:08.118792-05') ON CONFLICT DO NOTHING;
INSERT INTO public.django_migrations (id, app, name, applied) VALUES (4, 'institution_api', '0001_initial', '2024-08-10 16:10:32.423582-05') ON CONFLICT DO NOTHING;
INSERT INTO public.django_migrations (id, app, name, applied) VALUES (5, 'institution_api', '0002_alter_institution_created_date', '2024-08-10 16:41:05.664405-05') ON CONFLICT DO NOTHING;
INSERT INTO public.django_migrations (id, app, name, applied) VALUES (6, 'agreement_api', '0001_initial', '2024-08-10 16:41:05.68534-05') ON CONFLICT DO NOTHING;
INSERT INTO public.django_migrations (id, app, name, applied) VALUES (7, 'agreement_api', '0002_alter_agreement_created_date', '2024-08-10 16:57:00.154911-05') ON CONFLICT DO NOTHING;
INSERT INTO public.django_migrations (id, app, name, applied) VALUES (8, 'agreement_project_api', '0001_initial', '2024-08-10 16:57:00.174458-05') ON CONFLICT DO NOTHING;
INSERT INTO public.django_migrations (id, app, name, applied) VALUES (9, 'institution_api', '0003_alter_institution_created_date', '2024-08-11 14:27:04.882987-05') ON CONFLICT DO NOTHING;
INSERT INTO public.django_migrations (id, app, name, applied) VALUES (10, 'provider_api', '0001_initial', '2024-08-11 14:27:04.913505-05') ON CONFLICT DO NOTHING;
INSERT INTO public.django_migrations (id, app, name, applied) VALUES (11, 'pastoral_group_api', '0001_initial', '2024-08-13 16:32:41.440838-05') ON CONFLICT DO NOTHING;
INSERT INTO public.django_migrations (id, app, name, applied) VALUES (12, 'pastoral_member_api', '0001_initial', '2024-08-13 16:41:16.444278-05') ON CONFLICT DO NOTHING;
INSERT INTO public.django_migrations (id, app, name, applied) VALUES (13, 'pastoral_group_api', '0002_alter_pastoralgroup_created_date', '2024-08-13 17:02:58.22426-05') ON CONFLICT DO NOTHING;
INSERT INTO public.django_migrations (id, app, name, applied) VALUES (14, 'pastoral_member_api', '0002_alter_pastoralmember_created_date', '2024-08-13 17:02:58.23451-05') ON CONFLICT DO NOTHING;
INSERT INTO public.django_migrations (id, app, name, applied) VALUES (15, 'pastoral_member_has_group_api', '0001_initial', '2024-08-13 17:02:58.26641-05') ON CONFLICT DO NOTHING;
INSERT INTO public.django_migrations (id, app, name, applied) VALUES (16, 'religion_api', '0002_congregation_religion', '2024-08-14 16:01:03.946297-05') ON CONFLICT DO NOTHING;
INSERT INTO public.django_migrations (id, app, name, applied) VALUES (17, 'pastoral_member_api', '0003_alter_pastoralmember_created_date_and_more', '2024-08-15 05:14:11.096667-05') ON CONFLICT DO NOTHING;
INSERT INTO public.django_migrations (id, app, name, applied) VALUES (18, 'chaplain_api', '0001_initial', '2024-08-15 05:14:45.687191-05') ON CONFLICT DO NOTHING;
INSERT INTO public.django_migrations (id, app, name, applied) VALUES (19, 'pastoral_member_api', '0004_alter_pastoralmember_created_date', '2024-08-15 05:21:56.931595-05') ON CONFLICT DO NOTHING;
INSERT INTO public.django_migrations (id, app, name, applied) VALUES (20, 'pastoral_coordination_api', '0001_initial', '2024-08-15 05:21:56.981194-05') ON CONFLICT DO NOTHING;
INSERT INTO public.django_migrations (id, app, name, applied) VALUES (21, 'pastoral_activity_api', '0001_initial', '2024-08-15 11:52:56.206168-05') ON CONFLICT DO NOTHING;
INSERT INTO public.django_migrations (id, app, name, applied) VALUES (22, 'pastoral_activity_api', '0002_alter_pastoralactivity_options', '2024-08-15 17:12:47.466626-05') ON CONFLICT DO NOTHING;
INSERT INTO public.django_migrations (id, app, name, applied) VALUES (23, 'pastoral_member_api', '0005_alter_pastoralmember_created_date', '2024-08-15 17:12:47.48223-05') ON CONFLICT DO NOTHING;
INSERT INTO public.django_migrations (id, app, name, applied) VALUES (24, 'pastoral_activity_member_api', '0001_initial', '2024-08-15 17:12:47.534398-05') ON CONFLICT DO NOTHING;
INSERT INTO public.django_migrations (id, app, name, applied) VALUES (25, 'pastoral_activity_member_api', '0002_pastoralactivitymember_payment_and_more', '2024-08-15 17:29:10.409449-05') ON CONFLICT DO NOTHING;
INSERT INTO public.django_migrations (id, app, name, applied) VALUES (26, 'pastoral_visitor_api', '0001_initial', '2024-08-15 18:33:44.962703-05') ON CONFLICT DO NOTHING;
INSERT INTO public.django_migrations (id, app, name, applied) VALUES (27, 'pastoral_activity_member_api', '0003_pastoralactivitymember_pastoral_visitor', '2024-08-15 18:42:26.960439-05') ON CONFLICT DO NOTHING;
INSERT INTO public.django_migrations (id, app, name, applied) VALUES (28, 'publication_api', '0001_initial', '2024-08-17 03:50:28.702916-05') ON CONFLICT DO NOTHING;
INSERT INTO public.django_migrations (id, app, name, applied) VALUES (29, 'publication_api', '0002_remove_publication_photo_publication_path_photo_and_more', '2024-08-17 03:53:35.533679-05') ON CONFLICT DO NOTHING;
INSERT INTO public.django_migrations (id, app, name, applied) VALUES (30, 'pastoral_activity_api', '0003_remove_pastoralactivity_state_and_more', '2024-08-17 06:10:11.640369-05') ON CONFLICT DO NOTHING;
INSERT INTO public.django_migrations (id, app, name, applied) VALUES (31, 'pastoral_activity_api', '0004_pastoralactivity_suspended_date', '2024-08-17 07:25:05.725149-05') ON CONFLICT DO NOTHING;


--
-- TOC entry 3684 (class 0 OID 25365)
-- Dependencies: 224
-- Data for Name: tb_academic_level; Type: TABLE DATA; Schema: public; Owner: postgres
--

INSERT INTO public.tb_academic_level (id, name) VALUES (1, 'Bacharel') ON CONFLICT DO NOTHING;
INSERT INTO public.tb_academic_level (id, name) VALUES (2, 'Licenciatura') ON CONFLICT DO NOTHING;


--
-- TOC entry 3702 (class 0 OID 25519)
-- Dependencies: 242
-- Data for Name: tb_agreement; Type: TABLE DATA; Schema: public; Owner: postgres
--

INSERT INTO public.tb_agreement (created_date, id, description, state, updated_date, institution_id) VALUES ('2024-08-10 16:49:36.604678-05', 1, 'NA', true, NULL, 1) ON CONFLICT DO NOTHING;


--
-- TOC entry 3704 (class 0 OID 25533)
-- Dependencies: 244
-- Data for Name: tb_agreement_project; Type: TABLE DATA; Schema: public; Owner: postgres
--

INSERT INTO public.tb_agreement_project (created_date, id, description_project, state_project, start_date, end_date, updated_date, agreement_id) VALUES ('2024-08-10 16:56:37.529179-05', 1, 'Formação dos jovens sem tecto', 4, '2024-08-09 19:00:00-05', '2024-08-19 19:00:00-05', NULL, 1) ON CONFLICT DO NOTHING;


--
-- TOC entry 3714 (class 0 OID 26042)
-- Dependencies: 254
-- Data for Name: tb_chaplain; Type: TABLE DATA; Schema: public; Owner: postgres
--

INSERT INTO public.tb_chaplain (created_date, id, status, history, profile_id, start_date, end_date, renewal_date, updated_date, congregation_id, pastoral_member_id) VALUES ('2024-08-15 05:23:15.389036-05', 1, true, NULL, 1, '2024-08-09 19:00:00-05', '2026-08-09 19:00:00-05', NULL, NULL, 1, 15) ON CONFLICT DO NOTHING;
INSERT INTO public.tb_chaplain (created_date, id, status, history, profile_id, start_date, end_date, renewal_date, updated_date, congregation_id, pastoral_member_id) VALUES ('2024-08-15 05:24:47.706979-05', 2, true, NULL, 1, '2024-08-09 19:00:00-05', '2026-08-09 19:00:00-05', NULL, NULL, 1, 16) ON CONFLICT DO NOTHING;


--
-- TOC entry 3692 (class 0 OID 25389)
-- Dependencies: 232
-- Data for Name: tb_congregation; Type: TABLE DATA; Schema: public; Owner: postgres
--

INSERT INTO public.tb_congregation (id, name, religion_id) VALUES (1, 'Dom Bosco', 1) ON CONFLICT DO NOTHING;


--
-- TOC entry 3678 (class 0 OID 25335)
-- Dependencies: 218
-- Data for Name: tb_country; Type: TABLE DATA; Schema: public; Owner: postgres
--

INSERT INTO public.tb_country (id, name, nationality) VALUES (1, 'Angola', 'Angolano (a)') ON CONFLICT DO NOTHING;


--
-- TOC entry 3682 (class 0 OID 25347)
-- Dependencies: 222
-- Data for Name: tb_county; Type: TABLE DATA; Schema: public; Owner: postgres
--

INSERT INTO public.tb_county (id, name, province_id) VALUES (1, 'Luanda', 1) ON CONFLICT DO NOTHING;
INSERT INTO public.tb_county (id, name, province_id) VALUES (2, 'Lubango', 2) ON CONFLICT DO NOTHING;
INSERT INTO public.tb_county (id, name, province_id) VALUES (3, 'Huambo', 3) ON CONFLICT DO NOTHING;


--
-- TOC entry 3700 (class 0 OID 25486)
-- Dependencies: 240
-- Data for Name: tb_institution; Type: TABLE DATA; Schema: public; Owner: postgres
--

INSERT INTO public.tb_institution (created_date, id, name, email, phone, street, code, state, updated_date, country_id, county_id, type_id) VALUES ('2024-08-10 16:49:36.603924-05', 1, 'Voluntariado Internacional Salesiano', 'vis@example.com', '963002154', 'São Paulo', 'NA', true, NULL, NULL, 1, 1) ON CONFLICT DO NOTHING;
INSERT INTO public.tb_institution (created_date, id, name, email, phone, street, code, state, updated_date, country_id, county_id, type_id) VALUES ('2024-08-11 14:28:24.969284-05', 2, 'Olowela', 'olowela@example.com', '9630258963', 'NA', 'NA', true, NULL, NULL, 1, 1) ON CONFLICT DO NOTHING;


--
-- TOC entry 3718 (class 0 OID 26076)
-- Dependencies: 258
-- Data for Name: tb_pastoral_activity; Type: TABLE DATA; Schema: public; Owner: postgres
--

INSERT INTO public.tb_pastoral_activity (created_date, id, name, description, start_date, end_date, updated_date, type_activity_id, is_published, publication_date, status, suspended_date) VALUES ('2024-08-15 11:56:14.798511-05', 1, 'Passeio ao Cabo Ledo', 'Passeio universitário ao cabo ledo', '2024-08-20 03:00:00-05', '2024-08-20 13:00:00-05', NULL, 1, false, NULL, 'C', NULL) ON CONFLICT DO NOTHING;
INSERT INTO public.tb_pastoral_activity (created_date, id, name, description, start_date, end_date, updated_date, type_activity_id, is_published, publication_date, status, suspended_date) VALUES ('2024-08-15 11:58:28.332873-05', 2, 'Passeio a Massangano', 'Passeio da Pastoral a Massangano', '2024-10-05 03:00:00-05', '2024-10-06 15:00:00-05', '2024-08-15 12:00:57.17133-05', 2, false, NULL, 'C', NULL) ON CONFLICT DO NOTHING;
INSERT INTO public.tb_pastoral_activity (created_date, id, name, description, start_date, end_date, updated_date, type_activity_id, is_published, publication_date, status, suspended_date) VALUES ('2024-08-17 04:22:13.648269-05', 3, 'Missão do voluntariado', 'Realização da Missão do voluntariado', '2024-08-14 19:00:00-05', '2024-08-24 19:00:00-05', NULL, 1, false, NULL, 'C', NULL) ON CONFLICT DO NOTHING;
INSERT INTO public.tb_pastoral_activity (created_date, id, name, description, start_date, end_date, updated_date, type_activity_id, is_published, publication_date, status, suspended_date) VALUES ('2024-08-17 04:41:43.573905-05', 11, 'Missão do voluntariado', 'Realização da Missão do voluntariado', '2024-08-14 19:00:00-05', '2024-08-24 19:00:00-05', NULL, 1, false, NULL, 'C', NULL) ON CONFLICT DO NOTHING;
INSERT INTO public.tb_pastoral_activity (created_date, id, name, description, start_date, end_date, updated_date, type_activity_id, is_published, publication_date, status, suspended_date) VALUES ('2024-08-17 04:42:41.85269-05', 12, 'Missão do voluntariado', 'Realização da Missão do voluntariado', '2024-08-14 19:00:00-05', '2024-08-24 19:00:00-05', NULL, 1, false, NULL, 'C', NULL) ON CONFLICT DO NOTHING;
INSERT INTO public.tb_pastoral_activity (created_date, id, name, description, start_date, end_date, updated_date, type_activity_id, is_published, publication_date, status, suspended_date) VALUES ('2024-08-17 04:46:39.194319-05', 13, 'Missão do voluntariado', 'Realização da Missão do voluntariado', '2024-08-14 19:00:00-05', '2024-08-24 19:00:00-05', NULL, 1, false, NULL, 'C', NULL) ON CONFLICT DO NOTHING;
INSERT INTO public.tb_pastoral_activity (created_date, id, name, description, start_date, end_date, updated_date, type_activity_id, is_published, publication_date, status, suspended_date) VALUES ('2024-08-17 04:47:29.478429-05', 14, 'Missão do voluntariado', 'Realização da Missão do voluntariado', '2024-08-14 19:00:00-05', '2024-08-24 19:00:00-05', NULL, 1, false, NULL, 'C', NULL) ON CONFLICT DO NOTHING;
INSERT INTO public.tb_pastoral_activity (created_date, id, name, description, start_date, end_date, updated_date, type_activity_id, is_published, publication_date, status, suspended_date) VALUES ('2024-08-17 04:47:29.57187-05', 15, 'Missão do voluntariado', 'Realização da Missão do voluntariado', '2024-08-14 19:00:00-05', '2024-08-24 19:00:00-05', NULL, 1, false, NULL, 'C', NULL) ON CONFLICT DO NOTHING;
INSERT INTO public.tb_pastoral_activity (created_date, id, name, description, start_date, end_date, updated_date, type_activity_id, is_published, publication_date, status, suspended_date) VALUES ('2024-08-17 04:50:37.223662-05', 19, 'Missão do voluntariado', 'Realização da Missão do voluntariado', '2024-08-14 19:00:00-05', '2024-08-24 19:00:00-05', NULL, 1, false, NULL, 'C', NULL) ON CONFLICT DO NOTHING;
INSERT INTO public.tb_pastoral_activity (created_date, id, name, description, start_date, end_date, updated_date, type_activity_id, is_published, publication_date, status, suspended_date) VALUES ('2024-08-17 04:50:37.330132-05', 20, 'Missão do voluntariado', 'Realização da Missão do voluntariado', '2024-08-14 19:00:00-05', '2024-08-24 19:00:00-05', NULL, 1, false, NULL, 'C', NULL) ON CONFLICT DO NOTHING;
INSERT INTO public.tb_pastoral_activity (created_date, id, name, description, start_date, end_date, updated_date, type_activity_id, is_published, publication_date, status, suspended_date) VALUES ('2024-08-17 05:14:37.361943-05', 24, 'Peregrinação a Ndalatando', 'Peregrinação ao santuário de Maria Auxiliadora', '2024-09-30 19:00:00-05', '2024-10-04 19:00:00-05', '2024-08-17 10:04:54.079465-05', 1, true, '2024-08-17 09:55:53.035044-05', 'P', NULL) ON CONFLICT DO NOTHING;


--
-- TOC entry 3720 (class 0 OID 26090)
-- Dependencies: 260
-- Data for Name: tb_pastoral_activity_member; Type: TABLE DATA; Schema: public; Owner: postgres
--

INSERT INTO public.tb_pastoral_activity_member (created_date, id, start_date, end_date, updated_date, cancellation_date, status_activity, pastoral_activity_id, pastoral_coordination_id, pastoral_member_id, payment, pastoral_visitor_id) VALUES ('2024-08-15 17:22:15.556994-05', 3, '2024-08-20 03:00:00-05', '2024-08-20 13:00:00-05', '2024-08-15 17:26:07.494587-05', NULL, 'C', 1, 1, NULL, 0, NULL) ON CONFLICT DO NOTHING;
INSERT INTO public.tb_pastoral_activity_member (created_date, id, start_date, end_date, updated_date, cancellation_date, status_activity, pastoral_activity_id, pastoral_coordination_id, pastoral_member_id, payment, pastoral_visitor_id) VALUES ('2024-08-15 17:59:23.807553-05', 6, '2024-08-20 03:00:00-05', '2024-08-20 13:00:00-05', NULL, NULL, 'P', 1, NULL, 3, 0, NULL) ON CONFLICT DO NOTHING;
INSERT INTO public.tb_pastoral_activity_member (created_date, id, start_date, end_date, updated_date, cancellation_date, status_activity, pastoral_activity_id, pastoral_coordination_id, pastoral_member_id, payment, pastoral_visitor_id) VALUES ('2024-08-15 17:20:15.631981-05', 1, '2024-08-20 03:00:00-05', '2024-08-20 13:00:00-05', '2024-08-15 18:04:35.780707-05', NULL, 'C', 1, 2, NULL, 0, NULL) ON CONFLICT DO NOTHING;
INSERT INTO public.tb_pastoral_activity_member (created_date, id, start_date, end_date, updated_date, cancellation_date, status_activity, pastoral_activity_id, pastoral_coordination_id, pastoral_member_id, payment, pastoral_visitor_id) VALUES ('2024-08-15 17:24:24.209021-05', 4, '2024-08-20 03:00:00-05', '2024-08-20 13:00:00-05', '2024-08-15 18:05:58.032494-05', NULL, 'PP', 1, 2, 1, 1500, NULL) ON CONFLICT DO NOTHING;
INSERT INTO public.tb_pastoral_activity_member (created_date, id, start_date, end_date, updated_date, cancellation_date, status_activity, pastoral_activity_id, pastoral_coordination_id, pastoral_member_id, payment, pastoral_visitor_id) VALUES ('2024-08-15 19:11:21.695234-05', 7, '2024-08-20 03:00:00-05', '2024-08-20 13:00:00-05', NULL, NULL, 'P', 1, NULL, 1, 0, NULL) ON CONFLICT DO NOTHING;
INSERT INTO public.tb_pastoral_activity_member (created_date, id, start_date, end_date, updated_date, cancellation_date, status_activity, pastoral_activity_id, pastoral_coordination_id, pastoral_member_id, payment, pastoral_visitor_id) VALUES ('2024-08-15 19:21:28.577431-05', 9, '2024-10-05 03:00:00-05', '2024-10-06 15:00:00-05', NULL, NULL, 'P', 2, NULL, NULL, 0, 1) ON CONFLICT DO NOTHING;
INSERT INTO public.tb_pastoral_activity_member (created_date, id, start_date, end_date, updated_date, cancellation_date, status_activity, pastoral_activity_id, pastoral_coordination_id, pastoral_member_id, payment, pastoral_visitor_id) VALUES ('2024-08-15 19:17:42.519126-05', 8, '2024-08-20 03:00:00-05', '2024-08-20 13:00:00-05', '2024-08-15 19:22:48.428048-05', NULL, 'PT', 1, 2, NULL, 2500, 1) ON CONFLICT DO NOTHING;


--
-- TOC entry 3716 (class 0 OID 26062)
-- Dependencies: 256
-- Data for Name: tb_pastoral_coordination; Type: TABLE DATA; Schema: public; Owner: postgres
--

INSERT INTO public.tb_pastoral_coordination (created_date, id, status, history, profile_id, start_date, end_date, updated_date, renewal_date, pastoral_member_id) VALUES ('2024-08-15 05:43:22.819229-05', 1, true, NULL, 1, '2024-08-09 19:00:00-05', '2026-10-11 19:00:00-05', NULL, NULL, 2) ON CONFLICT DO NOTHING;
INSERT INTO public.tb_pastoral_coordination (created_date, id, status, history, profile_id, start_date, end_date, updated_date, renewal_date, pastoral_member_id) VALUES ('2024-08-15 06:02:07.530632-05', 2, true, NULL, 1, '2024-08-09 19:00:00-05', '2026-10-11 19:00:00-05', NULL, NULL, 2) ON CONFLICT DO NOTHING;
INSERT INTO public.tb_pastoral_coordination (created_date, id, status, history, profile_id, start_date, end_date, updated_date, renewal_date, pastoral_member_id) VALUES ('2024-08-15 10:25:11.868711-05', 3, true, NULL, 1, '2024-07-09 19:00:00-05', '2025-07-09 19:00:00-05', NULL, NULL, 6) ON CONFLICT DO NOTHING;
INSERT INTO public.tb_pastoral_coordination (created_date, id, status, history, profile_id, start_date, end_date, updated_date, renewal_date, pastoral_member_id) VALUES ('2024-08-15 10:34:31.803243-05', 4, true, NULL, 1, '2024-07-09 19:00:00-05', '2026-07-09 19:00:00-05', NULL, NULL, 7) ON CONFLICT DO NOTHING;


--
-- TOC entry 3708 (class 0 OID 25879)
-- Dependencies: 248
-- Data for Name: tb_pastoral_group; Type: TABLE DATA; Schema: public; Owner: postgres
--

INSERT INTO public.tb_pastoral_group (created_date, id, name, abbreviation, description, logo, url, updated_date, foundation_date) VALUES ('2024-08-13 17:15:55.749329-05', 1, 'Voluntariado da Universidade Católica de Angola', 'NA', 'NA', 'NA', 'NA', NULL, '2000-08-09 19:00:00-05') ON CONFLICT DO NOTHING;
INSERT INTO public.tb_pastoral_group (created_date, id, name, abbreviation, description, logo, url, updated_date, foundation_date) VALUES ('2024-08-13 17:15:55.749329-05', 2, 'Coro da Universidade Católica de Angola', 'NA', 'NA', 'NA', 'NA', NULL, '2000-08-09 19:00:00-05') ON CONFLICT DO NOTHING;


--
-- TOC entry 3710 (class 0 OID 25887)
-- Dependencies: 250
-- Data for Name: tb_pastoral_member; Type: TABLE DATA; Schema: public; Owner: postgres
--

INSERT INTO public.tb_pastoral_member (created_date, id, first_name, last_name, photo, email, phone, birth_date, gender, civil_state, state, street, house_number, updated_date, academic_level_id, county_id, nacionality_id, religion_id, sacrament_id, school_id, university_id) VALUES ('2024-08-13 17:24:37.816321-05', 2, 'Adelino', 'Muecália Eduardo', NULL, 'amed1@example.com', '925896327', NULL, NULL, 'S', false, NULL, NULL, NULL, NULL, NULL, NULL, NULL, NULL, NULL, NULL) ON CONFLICT DO NOTHING;
INSERT INTO public.tb_pastoral_member (created_date, id, first_name, last_name, photo, email, phone, birth_date, gender, civil_state, state, street, house_number, updated_date, academic_level_id, county_id, nacionality_id, religion_id, sacrament_id, school_id, university_id) VALUES ('2024-08-13 17:27:41.298142-05', 3, 'Adelino', 'Muecália Eduardo 1', NULL, 'amed2@example.com', '925896321', NULL, NULL, 'S', false, NULL, NULL, NULL, NULL, NULL, NULL, NULL, NULL, NULL, NULL) ON CONFLICT DO NOTHING;
INSERT INTO public.tb_pastoral_member (created_date, id, first_name, last_name, photo, email, phone, birth_date, gender, civil_state, state, street, house_number, updated_date, academic_level_id, county_id, nacionality_id, religion_id, sacrament_id, school_id, university_id) VALUES ('2024-08-13 17:28:35.243235-05', 4, 'Adelino', 'Muecália Eduardo 2', NULL, 'amed3@example.com', '925896322', NULL, NULL, 'S', false, NULL, NULL, NULL, NULL, NULL, NULL, NULL, NULL, NULL, NULL) ON CONFLICT DO NOTHING;
INSERT INTO public.tb_pastoral_member (created_date, id, first_name, last_name, photo, email, phone, birth_date, gender, civil_state, state, street, house_number, updated_date, academic_level_id, county_id, nacionality_id, religion_id, sacrament_id, school_id, university_id) VALUES ('2024-08-13 17:29:51.779159-05', 5, 'Adelino', 'Muecália Eduardo 3', NULL, 'amed4@example.com', '925896323', NULL, NULL, 'S', false, NULL, NULL, NULL, NULL, NULL, NULL, NULL, NULL, NULL, NULL) ON CONFLICT DO NOTHING;
INSERT INTO public.tb_pastoral_member (created_date, id, first_name, last_name, photo, email, phone, birth_date, gender, civil_state, state, street, house_number, updated_date, academic_level_id, county_id, nacionality_id, religion_id, sacrament_id, school_id, university_id) VALUES ('2024-08-13 17:30:46.790041-05', 6, 'Adelino', 'Eduardo 1', NULL, 'amed5@example.com', '925896324', NULL, NULL, 'S', false, NULL, NULL, NULL, NULL, NULL, NULL, NULL, NULL, NULL, NULL) ON CONFLICT DO NOTHING;
INSERT INTO public.tb_pastoral_member (created_date, id, first_name, last_name, photo, email, phone, birth_date, gender, civil_state, state, street, house_number, updated_date, academic_level_id, county_id, nacionality_id, religion_id, sacrament_id, school_id, university_id) VALUES ('2024-08-13 17:31:39.752538-05', 7, 'Adelino', 'Eduardo 2', NULL, 'amed6@example.com', '925896326', NULL, NULL, 'S', false, NULL, NULL, NULL, NULL, NULL, NULL, NULL, NULL, NULL, NULL) ON CONFLICT DO NOTHING;
INSERT INTO public.tb_pastoral_member (created_date, id, first_name, last_name, photo, email, phone, birth_date, gender, civil_state, state, street, house_number, updated_date, academic_level_id, county_id, nacionality_id, religion_id, sacrament_id, school_id, university_id) VALUES ('2024-08-14 16:27:42.903661-05', 8, 'Adelino', 'José', NULL, 'adelino@example.com', '900258963210', NULL, NULL, 'S', false, NULL, NULL, NULL, NULL, NULL, NULL, NULL, NULL, NULL, NULL) ON CONFLICT DO NOTHING;
INSERT INTO public.tb_pastoral_member (created_date, id, first_name, last_name, photo, email, phone, birth_date, gender, civil_state, state, street, house_number, updated_date, academic_level_id, county_id, nacionality_id, religion_id, sacrament_id, school_id, university_id) VALUES ('2024-08-14 16:29:09.840985-05', 9, 'Adelino', 'José 1', NULL, 'adelino1@example.com', '90025896210', NULL, NULL, 'S', false, NULL, NULL, NULL, NULL, NULL, NULL, NULL, NULL, NULL, NULL) ON CONFLICT DO NOTHING;
INSERT INTO public.tb_pastoral_member (created_date, id, first_name, last_name, photo, email, phone, birth_date, gender, civil_state, state, street, house_number, updated_date, academic_level_id, county_id, nacionality_id, religion_id, sacrament_id, school_id, university_id) VALUES ('2024-08-14 16:33:53.500949-05', 10, 'Adelino', 'José 2', NULL, 'adelino2@example.com', '900258962101', NULL, NULL, 'S', false, NULL, NULL, NULL, NULL, NULL, NULL, NULL, NULL, NULL, NULL) ON CONFLICT DO NOTHING;
INSERT INTO public.tb_pastoral_member (created_date, id, first_name, last_name, photo, email, phone, birth_date, gender, civil_state, state, street, house_number, updated_date, academic_level_id, county_id, nacionality_id, religion_id, sacrament_id, school_id, university_id) VALUES ('2024-08-14 16:34:23.96456-05', 11, 'Adelino', 'José 3', NULL, 'adelino3@example.com', '90025892101', NULL, NULL, 'S', false, NULL, NULL, NULL, NULL, NULL, NULL, NULL, NULL, NULL, NULL) ON CONFLICT DO NOTHING;
INSERT INTO public.tb_pastoral_member (created_date, id, first_name, last_name, photo, email, phone, birth_date, gender, civil_state, state, street, house_number, updated_date, academic_level_id, county_id, nacionality_id, religion_id, sacrament_id, school_id, university_id) VALUES ('2024-08-14 16:39:37.130009-05', 12, 'Adelino', 'José 4', NULL, 'adelino4@example.com', '90025892201', NULL, NULL, 'S', false, NULL, NULL, NULL, NULL, NULL, NULL, NULL, NULL, NULL, NULL) ON CONFLICT DO NOTHING;
INSERT INTO public.tb_pastoral_member (created_date, id, first_name, last_name, photo, email, phone, birth_date, gender, civil_state, state, street, house_number, updated_date, academic_level_id, county_id, nacionality_id, religion_id, sacrament_id, school_id, university_id) VALUES ('2024-08-14 16:45:52.495971-05', 13, 'Adelino', 'José 5', NULL, 'adelino5@example.com', '90025892211', NULL, NULL, 'S', true, NULL, NULL, NULL, NULL, NULL, NULL, NULL, NULL, NULL, NULL) ON CONFLICT DO NOTHING;
INSERT INTO public.tb_pastoral_member (created_date, id, first_name, last_name, photo, email, phone, birth_date, gender, civil_state, state, street, house_number, updated_date, academic_level_id, county_id, nacionality_id, religion_id, sacrament_id, school_id, university_id) VALUES ('2024-08-13 17:11:44.844534-05', 1, 'Manuel', 'André', 'NA', 'manuel@example.com', 'NA', '2000-01-19 18:00:00-06', 'M', 'S', false, 'NA', 'NA', '2024-08-15 02:01:57.288855-05', 2, 1, 1, 1, 1, NULL, 1) ON CONFLICT DO NOTHING;
INSERT INTO public.tb_pastoral_member (created_date, id, first_name, last_name, photo, email, phone, birth_date, gender, civil_state, state, street, house_number, updated_date, academic_level_id, county_id, nacionality_id, religion_id, sacrament_id, school_id, university_id) VALUES ('2024-08-15 04:11:19.938044-05', 14, 'Manuel', 'Osvaldo', NULL, 'mo@example.com', '921025603', NULL, NULL, 'S', true, NULL, NULL, NULL, NULL, NULL, NULL, NULL, NULL, NULL, NULL) ON CONFLICT DO NOTHING;
INSERT INTO public.tb_pastoral_member (created_date, id, first_name, last_name, photo, email, phone, birth_date, gender, civil_state, state, street, house_number, updated_date, academic_level_id, county_id, nacionality_id, religion_id, sacrament_id, school_id, university_id) VALUES ('2024-08-15 05:13:03.856412-05', 15, 'Adelino', 'Joaquim', NULL, 'aj@example.com', '9215896aj', NULL, NULL, 'S', true, NULL, NULL, NULL, NULL, NULL, NULL, NULL, NULL, NULL, NULL) ON CONFLICT DO NOTHING;
INSERT INTO public.tb_pastoral_member (created_date, id, first_name, last_name, photo, email, phone, birth_date, gender, civil_state, state, street, house_number, updated_date, academic_level_id, county_id, nacionality_id, religion_id, sacrament_id, school_id, university_id) VALUES ('2024-08-15 05:13:03.856412-05', 16, 'André', 'Joaquim', NULL, 'anj@example.com', '9215894aj', NULL, NULL, 'S', true, NULL, NULL, NULL, NULL, NULL, NULL, NULL, NULL, NULL, NULL) ON CONFLICT DO NOTHING;


--
-- TOC entry 3712 (class 0 OID 25942)
-- Dependencies: 252
-- Data for Name: tb_pastoral_member_has_group; Type: TABLE DATA; Schema: public; Owner: postgres
--

INSERT INTO public.tb_pastoral_member_has_group (created_date, id, updated_date, pastoral_group_id, pastoral_member_id) VALUES ('2024-08-13 17:31:39.754215-05', 1, NULL, 1, 7) ON CONFLICT DO NOTHING;
INSERT INTO public.tb_pastoral_member_has_group (created_date, id, updated_date, pastoral_group_id, pastoral_member_id) VALUES ('2024-08-13 17:31:39.754215-05', 2, NULL, 2, 7) ON CONFLICT DO NOTHING;
INSERT INTO public.tb_pastoral_member_has_group (created_date, id, updated_date, pastoral_group_id, pastoral_member_id) VALUES ('2024-08-14 16:27:42.905303-05', 3, NULL, 1, 8) ON CONFLICT DO NOTHING;
INSERT INTO public.tb_pastoral_member_has_group (created_date, id, updated_date, pastoral_group_id, pastoral_member_id) VALUES ('2024-08-14 16:29:09.84229-05', 4, NULL, 1, 9) ON CONFLICT DO NOTHING;
INSERT INTO public.tb_pastoral_member_has_group (created_date, id, updated_date, pastoral_group_id, pastoral_member_id) VALUES ('2024-08-14 16:33:53.502203-05', 5, NULL, 1, 10) ON CONFLICT DO NOTHING;
INSERT INTO public.tb_pastoral_member_has_group (created_date, id, updated_date, pastoral_group_id, pastoral_member_id) VALUES ('2024-08-14 16:34:23.965838-05', 6, NULL, 1, 11) ON CONFLICT DO NOTHING;
INSERT INTO public.tb_pastoral_member_has_group (created_date, id, updated_date, pastoral_group_id, pastoral_member_id) VALUES ('2024-08-14 16:39:37.131353-05', 7, NULL, 1, 12) ON CONFLICT DO NOTHING;
INSERT INTO public.tb_pastoral_member_has_group (created_date, id, updated_date, pastoral_group_id, pastoral_member_id) VALUES ('2024-08-14 16:45:52.497261-05', 8, NULL, 1, 13) ON CONFLICT DO NOTHING;
INSERT INTO public.tb_pastoral_member_has_group (created_date, id, updated_date, pastoral_group_id, pastoral_member_id) VALUES ('2024-08-15 04:11:19.939312-05', 9, NULL, 1, 14) ON CONFLICT DO NOTHING;
INSERT INTO public.tb_pastoral_member_has_group (created_date, id, updated_date, pastoral_group_id, pastoral_member_id) VALUES ('2024-08-15 05:13:03.858138-05', 10, NULL, 1, 15) ON CONFLICT DO NOTHING;
INSERT INTO public.tb_pastoral_member_has_group (created_date, id, updated_date, pastoral_group_id, pastoral_member_id) VALUES ('2024-08-15 05:13:03.858138-05', 11, NULL, 1, 16) ON CONFLICT DO NOTHING;


--
-- TOC entry 3722 (class 0 OID 26115)
-- Dependencies: 262
-- Data for Name: tb_pastoral_visitor; Type: TABLE DATA; Schema: public; Owner: postgres
--

INSERT INTO public.tb_pastoral_visitor (created_date, id, name, email, phone, updated_date, state) VALUES ('2024-08-15 18:34:33.216148-05', 1, 'Adelino Nelson', 'an@example.com', '987456987', NULL, true) ON CONFLICT DO NOTHING;


--
-- TOC entry 3706 (class 0 OID 25547)
-- Dependencies: 246
-- Data for Name: tb_provider; Type: TABLE DATA; Schema: public; Owner: postgres
--

INSERT INTO public.tb_provider (created_date, id, nif, update_date, institution_id) VALUES ('2024-08-11 14:28:24.971998-05', 1, '0015632LAM3256', NULL, 2) ON CONFLICT DO NOTHING;


--
-- TOC entry 3680 (class 0 OID 25341)
-- Dependencies: 220
-- Data for Name: tb_province; Type: TABLE DATA; Schema: public; Owner: postgres
--

INSERT INTO public.tb_province (id, name, country_id) VALUES (1, 'Luanda', 1) ON CONFLICT DO NOTHING;
INSERT INTO public.tb_province (id, name, country_id) VALUES (2, 'Huila', 1) ON CONFLICT DO NOTHING;
INSERT INTO public.tb_province (id, name, country_id) VALUES (3, 'Huambo', 1) ON CONFLICT DO NOTHING;


--
-- TOC entry 3724 (class 0 OID 26127)
-- Dependencies: 264
-- Data for Name: tb_publication; Type: TABLE DATA; Schema: public; Owner: postgres
--

INSERT INTO public.tb_publication (created_date, id, title, description, status, updated_date, pastoral_activity_id, path_photo) VALUES ('2024-08-17 05:14:03.329544-05', 2, 'Peregrinação a Ndalatando', 'Peregrinação ao santuário de Maria Auxiliadora', true, '2024-08-17 10:04:54.073039-05', 24, 'NA') ON CONFLICT DO NOTHING;


--
-- TOC entry 3694 (class 0 OID 25397)
-- Dependencies: 234
-- Data for Name: tb_religion; Type: TABLE DATA; Schema: public; Owner: postgres
--

INSERT INTO public.tb_religion (id, name) VALUES (1, 'Católica') ON CONFLICT DO NOTHING;
INSERT INTO public.tb_religion (id, name) VALUES (2, 'Adventista do 7º Dia') ON CONFLICT DO NOTHING;


--
-- TOC entry 3696 (class 0 OID 25405)
-- Dependencies: 236
-- Data for Name: tb_sacrament; Type: TABLE DATA; Schema: public; Owner: postgres
--

INSERT INTO public.tb_sacrament (id, name) VALUES (1, 'Baptismo') ON CONFLICT DO NOTHING;
INSERT INTO public.tb_sacrament (id, name) VALUES (2, 'Eucaristia/Crisma') ON CONFLICT DO NOTHING;


--
-- TOC entry 3686 (class 0 OID 25371)
-- Dependencies: 226
-- Data for Name: tb_school; Type: TABLE DATA; Schema: public; Owner: postgres
--

INSERT INTO public.tb_school (id, name, abbreviation) VALUES (1, 'Escola Católica São José', 'ESJ') ON CONFLICT DO NOTHING;


--
-- TOC entry 3688 (class 0 OID 25377)
-- Dependencies: 228
-- Data for Name: tb_type_activity; Type: TABLE DATA; Schema: public; Owner: postgres
--

INSERT INTO public.tb_type_activity (id, name) VALUES (1, 'Passeio Universitário') ON CONFLICT DO NOTHING;
INSERT INTO public.tb_type_activity (id, name) VALUES (2, 'Passeio da Pastoral') ON CONFLICT DO NOTHING;


--
-- TOC entry 3698 (class 0 OID 25480)
-- Dependencies: 238
-- Data for Name: tb_type_institution; Type: TABLE DATA; Schema: public; Owner: postgres
--

INSERT INTO public.tb_type_institution (id, name) VALUES (1, 'Hospital') ON CONFLICT DO NOTHING;
INSERT INTO public.tb_type_institution (id, name) VALUES (2, 'ONG') ON CONFLICT DO NOTHING;
INSERT INTO public.tb_type_institution (id, name) VALUES (3, 'AMED') ON CONFLICT DO NOTHING;


--
-- TOC entry 3690 (class 0 OID 25383)
-- Dependencies: 230
-- Data for Name: tb_university; Type: TABLE DATA; Schema: public; Owner: postgres
--

INSERT INTO public.tb_university (id, name, abbreviation) VALUES (1, 'Universidade Católica de Angola', 'UCAN') ON CONFLICT DO NOTHING;


--
-- TOC entry 3731 (class 0 OID 0)
-- Dependencies: 215
-- Name: django_migrations_id_seq; Type: SEQUENCE SET; Schema: public; Owner: postgres
--

SELECT pg_catalog.setval('public.django_migrations_id_seq', 31, true);


--
-- TOC entry 3732 (class 0 OID 0)
-- Dependencies: 223
-- Name: tb_academic_level_id_seq; Type: SEQUENCE SET; Schema: public; Owner: postgres
--

SELECT pg_catalog.setval('public.tb_academic_level_id_seq', 2, true);


--
-- TOC entry 3733 (class 0 OID 0)
-- Dependencies: 241
-- Name: tb_agreement_id_seq; Type: SEQUENCE SET; Schema: public; Owner: postgres
--

SELECT pg_catalog.setval('public.tb_agreement_id_seq', 1, true);


--
-- TOC entry 3734 (class 0 OID 0)
-- Dependencies: 243
-- Name: tb_agreement_project_id_seq; Type: SEQUENCE SET; Schema: public; Owner: postgres
--

SELECT pg_catalog.setval('public.tb_agreement_project_id_seq', 1, true);


--
-- TOC entry 3735 (class 0 OID 0)
-- Dependencies: 253
-- Name: tb_chaplain_id_seq; Type: SEQUENCE SET; Schema: public; Owner: postgres
--

SELECT pg_catalog.setval('public.tb_chaplain_id_seq', 2, true);


--
-- TOC entry 3736 (class 0 OID 0)
-- Dependencies: 231
-- Name: tb_congregation_id_seq; Type: SEQUENCE SET; Schema: public; Owner: postgres
--

SELECT pg_catalog.setval('public.tb_congregation_id_seq', 1, true);


--
-- TOC entry 3737 (class 0 OID 0)
-- Dependencies: 217
-- Name: tb_country_id_seq; Type: SEQUENCE SET; Schema: public; Owner: postgres
--

SELECT pg_catalog.setval('public.tb_country_id_seq', 1, true);


--
-- TOC entry 3738 (class 0 OID 0)
-- Dependencies: 221
-- Name: tb_county_id_seq; Type: SEQUENCE SET; Schema: public; Owner: postgres
--

SELECT pg_catalog.setval('public.tb_county_id_seq', 3, true);


--
-- TOC entry 3739 (class 0 OID 0)
-- Dependencies: 239
-- Name: tb_institution_id_seq; Type: SEQUENCE SET; Schema: public; Owner: postgres
--

SELECT pg_catalog.setval('public.tb_institution_id_seq', 2, true);


--
-- TOC entry 3740 (class 0 OID 0)
-- Dependencies: 257
-- Name: tb_pastoral_activity_id_seq; Type: SEQUENCE SET; Schema: public; Owner: postgres
--

SELECT pg_catalog.setval('public.tb_pastoral_activity_id_seq', 24, true);


--
-- TOC entry 3741 (class 0 OID 0)
-- Dependencies: 259
-- Name: tb_pastoral_activity_member_id_seq; Type: SEQUENCE SET; Schema: public; Owner: postgres
--

SELECT pg_catalog.setval('public.tb_pastoral_activity_member_id_seq', 9, true);


--
-- TOC entry 3742 (class 0 OID 0)
-- Dependencies: 255
-- Name: tb_pastoral_coordination_id_seq; Type: SEQUENCE SET; Schema: public; Owner: postgres
--

SELECT pg_catalog.setval('public.tb_pastoral_coordination_id_seq', 4, true);


--
-- TOC entry 3743 (class 0 OID 0)
-- Dependencies: 247
-- Name: tb_pastoral_group_id_seq; Type: SEQUENCE SET; Schema: public; Owner: postgres
--

SELECT pg_catalog.setval('public.tb_pastoral_group_id_seq', 2, true);


--
-- TOC entry 3744 (class 0 OID 0)
-- Dependencies: 251
-- Name: tb_pastoral_member_has_group_id_seq; Type: SEQUENCE SET; Schema: public; Owner: postgres
--

SELECT pg_catalog.setval('public.tb_pastoral_member_has_group_id_seq', 11, true);


--
-- TOC entry 3745 (class 0 OID 0)
-- Dependencies: 249
-- Name: tb_pastoral_member_id_seq; Type: SEQUENCE SET; Schema: public; Owner: postgres
--

SELECT pg_catalog.setval('public.tb_pastoral_member_id_seq', 16, true);


--
-- TOC entry 3746 (class 0 OID 0)
-- Dependencies: 261
-- Name: tb_pastoral_visitor_id_seq; Type: SEQUENCE SET; Schema: public; Owner: postgres
--

SELECT pg_catalog.setval('public.tb_pastoral_visitor_id_seq', 1, true);


--
-- TOC entry 3747 (class 0 OID 0)
-- Dependencies: 245
-- Name: tb_provider_id_seq; Type: SEQUENCE SET; Schema: public; Owner: postgres
--

SELECT pg_catalog.setval('public.tb_provider_id_seq', 1, true);


--
-- TOC entry 3748 (class 0 OID 0)
-- Dependencies: 219
-- Name: tb_province_id_seq; Type: SEQUENCE SET; Schema: public; Owner: postgres
--

SELECT pg_catalog.setval('public.tb_province_id_seq', 3, true);


--
-- TOC entry 3749 (class 0 OID 0)
-- Dependencies: 263
-- Name: tb_publication_id_seq; Type: SEQUENCE SET; Schema: public; Owner: postgres
--

SELECT pg_catalog.setval('public.tb_publication_id_seq', 2, true);


--
-- TOC entry 3750 (class 0 OID 0)
-- Dependencies: 233
-- Name: tb_religion_id_seq; Type: SEQUENCE SET; Schema: public; Owner: postgres
--

SELECT pg_catalog.setval('public.tb_religion_id_seq', 2, true);


--
-- TOC entry 3751 (class 0 OID 0)
-- Dependencies: 235
-- Name: tb_sacrament_id_seq; Type: SEQUENCE SET; Schema: public; Owner: postgres
--

SELECT pg_catalog.setval('public.tb_sacrament_id_seq', 2, true);


--
-- TOC entry 3752 (class 0 OID 0)
-- Dependencies: 225
-- Name: tb_school_id_seq; Type: SEQUENCE SET; Schema: public; Owner: postgres
--

SELECT pg_catalog.setval('public.tb_school_id_seq', 1, true);


--
-- TOC entry 3753 (class 0 OID 0)
-- Dependencies: 227
-- Name: tb_type_activity_id_seq; Type: SEQUENCE SET; Schema: public; Owner: postgres
--

SELECT pg_catalog.setval('public.tb_type_activity_id_seq', 2, true);


--
-- TOC entry 3754 (class 0 OID 0)
-- Dependencies: 237
-- Name: tb_type_institution_id_seq; Type: SEQUENCE SET; Schema: public; Owner: postgres
--

SELECT pg_catalog.setval('public.tb_type_institution_id_seq', 3, true);


--
-- TOC entry 3755 (class 0 OID 0)
-- Dependencies: 229
-- Name: tb_university_id_seq; Type: SEQUENCE SET; Schema: public; Owner: postgres
--

SELECT pg_catalog.setval('public.tb_university_id_seq', 1, true);


--
-- TOC entry 3404 (class 2606 OID 25333)
-- Name: django_migrations django_migrations_pkey; Type: CONSTRAINT; Schema: public; Owner: postgres
--

ALTER TABLE ONLY public.django_migrations
    ADD CONSTRAINT django_migrations_pkey PRIMARY KEY (id);


--
-- TOC entry 3414 (class 2606 OID 25369)
-- Name: tb_academic_level tb_academic_level_pkey; Type: CONSTRAINT; Schema: public; Owner: postgres
--

ALTER TABLE ONLY public.tb_academic_level
    ADD CONSTRAINT tb_academic_level_pkey PRIMARY KEY (id);


--
-- TOC entry 3455 (class 2606 OID 25525)
-- Name: tb_agreement tb_agreement_pkey; Type: CONSTRAINT; Schema: public; Owner: postgres
--

ALTER TABLE ONLY public.tb_agreement
    ADD CONSTRAINT tb_agreement_pkey PRIMARY KEY (id);


--
-- TOC entry 3458 (class 2606 OID 25539)
-- Name: tb_agreement_project tb_agreement_project_pkey; Type: CONSTRAINT; Schema: public; Owner: postgres
--

ALTER TABLE ONLY public.tb_agreement_project
    ADD CONSTRAINT tb_agreement_project_pkey PRIMARY KEY (id);


--
-- TOC entry 3487 (class 2606 OID 26048)
-- Name: tb_chaplain tb_chaplain_pkey; Type: CONSTRAINT; Schema: public; Owner: postgres
--

ALTER TABLE ONLY public.tb_chaplain
    ADD CONSTRAINT tb_chaplain_pkey PRIMARY KEY (id);


--
-- TOC entry 3423 (class 2606 OID 25395)
-- Name: tb_congregation tb_congregation_name_key; Type: CONSTRAINT; Schema: public; Owner: postgres
--

ALTER TABLE ONLY public.tb_congregation
    ADD CONSTRAINT tb_congregation_name_key UNIQUE (name);


--
-- TOC entry 3425 (class 2606 OID 25393)
-- Name: tb_congregation tb_congregation_pkey; Type: CONSTRAINT; Schema: public; Owner: postgres
--

ALTER TABLE ONLY public.tb_congregation
    ADD CONSTRAINT tb_congregation_pkey PRIMARY KEY (id);


--
-- TOC entry 3406 (class 2606 OID 25339)
-- Name: tb_country tb_country_pkey; Type: CONSTRAINT; Schema: public; Owner: postgres
--

ALTER TABLE ONLY public.tb_country
    ADD CONSTRAINT tb_country_pkey PRIMARY KEY (id);


--
-- TOC entry 3411 (class 2606 OID 25351)
-- Name: tb_county tb_county_pkey; Type: CONSTRAINT; Schema: public; Owner: postgres
--

ALTER TABLE ONLY public.tb_county
    ADD CONSTRAINT tb_county_pkey PRIMARY KEY (id);


--
-- TOC entry 3443 (class 2606 OID 25494)
-- Name: tb_institution tb_institution_email_key; Type: CONSTRAINT; Schema: public; Owner: postgres
--

ALTER TABLE ONLY public.tb_institution
    ADD CONSTRAINT tb_institution_email_key UNIQUE (email);


--
-- TOC entry 3446 (class 2606 OID 25492)
-- Name: tb_institution tb_institution_name_key; Type: CONSTRAINT; Schema: public; Owner: postgres
--

ALTER TABLE ONLY public.tb_institution
    ADD CONSTRAINT tb_institution_name_key UNIQUE (name);


--
-- TOC entry 3449 (class 2606 OID 25496)
-- Name: tb_institution tb_institution_phone_key; Type: CONSTRAINT; Schema: public; Owner: postgres
--

ALTER TABLE ONLY public.tb_institution
    ADD CONSTRAINT tb_institution_phone_key UNIQUE (phone);


--
-- TOC entry 3451 (class 2606 OID 25490)
-- Name: tb_institution tb_institution_pkey; Type: CONSTRAINT; Schema: public; Owner: postgres
--

ALTER TABLE ONLY public.tb_institution
    ADD CONSTRAINT tb_institution_pkey PRIMARY KEY (id);


--
-- TOC entry 3499 (class 2606 OID 26094)
-- Name: tb_pastoral_activity_member tb_pastoral_activity_member_pkey; Type: CONSTRAINT; Schema: public; Owner: postgres
--

ALTER TABLE ONLY public.tb_pastoral_activity_member
    ADD CONSTRAINT tb_pastoral_activity_member_pkey PRIMARY KEY (id);


--
-- TOC entry 3492 (class 2606 OID 26082)
-- Name: tb_pastoral_activity tb_pastoral_activity_pkey; Type: CONSTRAINT; Schema: public; Owner: postgres
--

ALTER TABLE ONLY public.tb_pastoral_activity
    ADD CONSTRAINT tb_pastoral_activity_pkey PRIMARY KEY (id);


--
-- TOC entry 3490 (class 2606 OID 26068)
-- Name: tb_pastoral_coordination tb_pastoral_coordination_pkey; Type: CONSTRAINT; Schema: public; Owner: postgres
--

ALTER TABLE ONLY public.tb_pastoral_coordination
    ADD CONSTRAINT tb_pastoral_coordination_pkey PRIMARY KEY (id);


--
-- TOC entry 3463 (class 2606 OID 25885)
-- Name: tb_pastoral_group tb_pastoral_group_pkey; Type: CONSTRAINT; Schema: public; Owner: postgres
--

ALTER TABLE ONLY public.tb_pastoral_group
    ADD CONSTRAINT tb_pastoral_group_pkey PRIMARY KEY (id);


--
-- TOC entry 3468 (class 2606 OID 25893)
-- Name: tb_pastoral_member tb_pastoral_member_email_key; Type: CONSTRAINT; Schema: public; Owner: postgres
--

ALTER TABLE ONLY public.tb_pastoral_member
    ADD CONSTRAINT tb_pastoral_member_email_key UNIQUE (email);


--
-- TOC entry 3483 (class 2606 OID 25946)
-- Name: tb_pastoral_member_has_group tb_pastoral_member_has_group_pkey; Type: CONSTRAINT; Schema: public; Owner: postgres
--

ALTER TABLE ONLY public.tb_pastoral_member_has_group
    ADD CONSTRAINT tb_pastoral_member_has_group_pkey PRIMARY KEY (id);


--
-- TOC entry 3475 (class 2606 OID 25891)
-- Name: tb_pastoral_member tb_pastoral_member_pkey; Type: CONSTRAINT; Schema: public; Owner: postgres
--

ALTER TABLE ONLY public.tb_pastoral_member
    ADD CONSTRAINT tb_pastoral_member_pkey PRIMARY KEY (id);


--
-- TOC entry 3501 (class 2606 OID 26119)
-- Name: tb_pastoral_visitor tb_pastoral_visitor_pkey; Type: CONSTRAINT; Schema: public; Owner: postgres
--

ALTER TABLE ONLY public.tb_pastoral_visitor
    ADD CONSTRAINT tb_pastoral_visitor_pkey PRIMARY KEY (id);


--
-- TOC entry 3461 (class 2606 OID 25551)
-- Name: tb_provider tb_provider_pkey; Type: CONSTRAINT; Schema: public; Owner: postgres
--

ALTER TABLE ONLY public.tb_provider
    ADD CONSTRAINT tb_provider_pkey PRIMARY KEY (id);


--
-- TOC entry 3409 (class 2606 OID 25345)
-- Name: tb_province tb_province_pkey; Type: CONSTRAINT; Schema: public; Owner: postgres
--

ALTER TABLE ONLY public.tb_province
    ADD CONSTRAINT tb_province_pkey PRIMARY KEY (id);


--
-- TOC entry 3504 (class 2606 OID 26133)
-- Name: tb_publication tb_publication_pkey; Type: CONSTRAINT; Schema: public; Owner: postgres
--

ALTER TABLE ONLY public.tb_publication
    ADD CONSTRAINT tb_publication_pkey PRIMARY KEY (id);


--
-- TOC entry 3429 (class 2606 OID 25403)
-- Name: tb_religion tb_religion_name_key; Type: CONSTRAINT; Schema: public; Owner: postgres
--

ALTER TABLE ONLY public.tb_religion
    ADD CONSTRAINT tb_religion_name_key UNIQUE (name);


--
-- TOC entry 3431 (class 2606 OID 25401)
-- Name: tb_religion tb_religion_pkey; Type: CONSTRAINT; Schema: public; Owner: postgres
--

ALTER TABLE ONLY public.tb_religion
    ADD CONSTRAINT tb_religion_pkey PRIMARY KEY (id);


--
-- TOC entry 3434 (class 2606 OID 25411)
-- Name: tb_sacrament tb_sacrament_name_key; Type: CONSTRAINT; Schema: public; Owner: postgres
--

ALTER TABLE ONLY public.tb_sacrament
    ADD CONSTRAINT tb_sacrament_name_key UNIQUE (name);


--
-- TOC entry 3436 (class 2606 OID 25409)
-- Name: tb_sacrament tb_sacrament_pkey; Type: CONSTRAINT; Schema: public; Owner: postgres
--

ALTER TABLE ONLY public.tb_sacrament
    ADD CONSTRAINT tb_sacrament_pkey PRIMARY KEY (id);


--
-- TOC entry 3416 (class 2606 OID 25375)
-- Name: tb_school tb_school_pkey; Type: CONSTRAINT; Schema: public; Owner: postgres
--

ALTER TABLE ONLY public.tb_school
    ADD CONSTRAINT tb_school_pkey PRIMARY KEY (id);


--
-- TOC entry 3418 (class 2606 OID 25381)
-- Name: tb_type_activity tb_type_activity_pkey; Type: CONSTRAINT; Schema: public; Owner: postgres
--

ALTER TABLE ONLY public.tb_type_activity
    ADD CONSTRAINT tb_type_activity_pkey PRIMARY KEY (id);


--
-- TOC entry 3438 (class 2606 OID 25484)
-- Name: tb_type_institution tb_type_institution_pkey; Type: CONSTRAINT; Schema: public; Owner: postgres
--

ALTER TABLE ONLY public.tb_type_institution
    ADD CONSTRAINT tb_type_institution_pkey PRIMARY KEY (id);


--
-- TOC entry 3420 (class 2606 OID 25387)
-- Name: tb_university tb_university_pkey; Type: CONSTRAINT; Schema: public; Owner: postgres
--

ALTER TABLE ONLY public.tb_university
    ADD CONSTRAINT tb_university_pkey PRIMARY KEY (id);


--
-- TOC entry 3453 (class 1259 OID 25531)
-- Name: tb_agreement_institution_id_b4f86f50; Type: INDEX; Schema: public; Owner: postgres
--

CREATE INDEX tb_agreement_institution_id_b4f86f50 ON public.tb_agreement USING btree (institution_id);


--
-- TOC entry 3456 (class 1259 OID 25545)
-- Name: tb_agreement_project_agreement_id_3e7db84e; Type: INDEX; Schema: public; Owner: postgres
--

CREATE INDEX tb_agreement_project_agreement_id_3e7db84e ON public.tb_agreement_project USING btree (agreement_id);


--
-- TOC entry 3484 (class 1259 OID 26059)
-- Name: tb_chaplain_congregation_id_cab91623; Type: INDEX; Schema: public; Owner: postgres
--

CREATE INDEX tb_chaplain_congregation_id_cab91623 ON public.tb_chaplain USING btree (congregation_id);


--
-- TOC entry 3485 (class 1259 OID 26060)
-- Name: tb_chaplain_pastoral_member_id_f8061ce6; Type: INDEX; Schema: public; Owner: postgres
--

CREATE INDEX tb_chaplain_pastoral_member_id_f8061ce6 ON public.tb_chaplain USING btree (pastoral_member_id);


--
-- TOC entry 3421 (class 1259 OID 25412)
-- Name: tb_congregation_name_96a8d25b_like; Type: INDEX; Schema: public; Owner: postgres
--

CREATE INDEX tb_congregation_name_96a8d25b_like ON public.tb_congregation USING btree (name varchar_pattern_ops);


--
-- TOC entry 3426 (class 1259 OID 25964)
-- Name: tb_congregation_religion_id_652cf65d; Type: INDEX; Schema: public; Owner: postgres
--

CREATE INDEX tb_congregation_religion_id_652cf65d ON public.tb_congregation USING btree (religion_id);


--
-- TOC entry 3412 (class 1259 OID 25363)
-- Name: tb_county_province_id_9a33e529; Type: INDEX; Schema: public; Owner: postgres
--

CREATE INDEX tb_county_province_id_9a33e529 ON public.tb_county USING btree (province_id);


--
-- TOC entry 3439 (class 1259 OID 25515)
-- Name: tb_institution_country_id_47d80cf0; Type: INDEX; Schema: public; Owner: postgres
--

CREATE INDEX tb_institution_country_id_47d80cf0 ON public.tb_institution USING btree (country_id);


--
-- TOC entry 3440 (class 1259 OID 25516)
-- Name: tb_institution_county_id_bce6dc8d; Type: INDEX; Schema: public; Owner: postgres
--

CREATE INDEX tb_institution_county_id_bce6dc8d ON public.tb_institution USING btree (county_id);


--
-- TOC entry 3441 (class 1259 OID 25513)
-- Name: tb_institution_email_1c189814_like; Type: INDEX; Schema: public; Owner: postgres
--

CREATE INDEX tb_institution_email_1c189814_like ON public.tb_institution USING btree (email varchar_pattern_ops);


--
-- TOC entry 3444 (class 1259 OID 25512)
-- Name: tb_institution_name_cdf39f46_like; Type: INDEX; Schema: public; Owner: postgres
--

CREATE INDEX tb_institution_name_cdf39f46_like ON public.tb_institution USING btree (name varchar_pattern_ops);


--
-- TOC entry 3447 (class 1259 OID 25514)
-- Name: tb_institution_phone_271de441_like; Type: INDEX; Schema: public; Owner: postgres
--

CREATE INDEX tb_institution_phone_271de441_like ON public.tb_institution USING btree (phone varchar_pattern_ops);


--
-- TOC entry 3452 (class 1259 OID 25517)
-- Name: tb_institution_type_id_e7f99d5d; Type: INDEX; Schema: public; Owner: postgres
--

CREATE INDEX tb_institution_type_id_e7f99d5d ON public.tb_institution USING btree (type_id);


--
-- TOC entry 3494 (class 1259 OID 26110)
-- Name: tb_pastoral_activity_member_pastoral_activity_id_ff481520; Type: INDEX; Schema: public; Owner: postgres
--

CREATE INDEX tb_pastoral_activity_member_pastoral_activity_id_ff481520 ON public.tb_pastoral_activity_member USING btree (pastoral_activity_id);


--
-- TOC entry 3495 (class 1259 OID 26111)
-- Name: tb_pastoral_activity_member_pastoral_coordination_id_90f8ef32; Type: INDEX; Schema: public; Owner: postgres
--

CREATE INDEX tb_pastoral_activity_member_pastoral_coordination_id_90f8ef32 ON public.tb_pastoral_activity_member USING btree (pastoral_coordination_id);


--
-- TOC entry 3496 (class 1259 OID 26112)
-- Name: tb_pastoral_activity_member_pastoral_member_id_f6586c3f; Type: INDEX; Schema: public; Owner: postgres
--

CREATE INDEX tb_pastoral_activity_member_pastoral_member_id_f6586c3f ON public.tb_pastoral_activity_member USING btree (pastoral_member_id);


--
-- TOC entry 3497 (class 1259 OID 26125)
-- Name: tb_pastoral_activity_member_pastoral_visitor_id_760d2207; Type: INDEX; Schema: public; Owner: postgres
--

CREATE INDEX tb_pastoral_activity_member_pastoral_visitor_id_760d2207 ON public.tb_pastoral_activity_member USING btree (pastoral_visitor_id);


--
-- TOC entry 3493 (class 1259 OID 26088)
-- Name: tb_pastoral_activity_type_activity_id_cb3a891a; Type: INDEX; Schema: public; Owner: postgres
--

CREATE INDEX tb_pastoral_activity_type_activity_id_cb3a891a ON public.tb_pastoral_activity USING btree (type_activity_id);


--
-- TOC entry 3488 (class 1259 OID 26074)
-- Name: tb_pastoral_coordination_pastoral_member_id_315ff9f7; Type: INDEX; Schema: public; Owner: postgres
--

CREATE INDEX tb_pastoral_coordination_pastoral_member_id_315ff9f7 ON public.tb_pastoral_coordination USING btree (pastoral_member_id);


--
-- TOC entry 3464 (class 1259 OID 25934)
-- Name: tb_pastoral_member_academic_level_id_0aa4574d; Type: INDEX; Schema: public; Owner: postgres
--

CREATE INDEX tb_pastoral_member_academic_level_id_0aa4574d ON public.tb_pastoral_member USING btree (academic_level_id);


--
-- TOC entry 3465 (class 1259 OID 25935)
-- Name: tb_pastoral_member_county_id_ed0ec5d2; Type: INDEX; Schema: public; Owner: postgres
--

CREATE INDEX tb_pastoral_member_county_id_ed0ec5d2 ON public.tb_pastoral_member USING btree (county_id);


--
-- TOC entry 3466 (class 1259 OID 25933)
-- Name: tb_pastoral_member_email_7ea52d39_like; Type: INDEX; Schema: public; Owner: postgres
--

CREATE INDEX tb_pastoral_member_email_7ea52d39_like ON public.tb_pastoral_member USING btree (email varchar_pattern_ops);


--
-- TOC entry 3469 (class 1259 OID 25929)
-- Name: tb_pastoral_member_first_name_a197eed4; Type: INDEX; Schema: public; Owner: postgres
--

CREATE INDEX tb_pastoral_member_first_name_a197eed4 ON public.tb_pastoral_member USING btree (first_name);


--
-- TOC entry 3470 (class 1259 OID 25930)
-- Name: tb_pastoral_member_first_name_a197eed4_like; Type: INDEX; Schema: public; Owner: postgres
--

CREATE INDEX tb_pastoral_member_first_name_a197eed4_like ON public.tb_pastoral_member USING btree (first_name varchar_pattern_ops);


--
-- TOC entry 3480 (class 1259 OID 25957)
-- Name: tb_pastoral_member_has_group_pastoral_group_id_7ba46d6c; Type: INDEX; Schema: public; Owner: postgres
--

CREATE INDEX tb_pastoral_member_has_group_pastoral_group_id_7ba46d6c ON public.tb_pastoral_member_has_group USING btree (pastoral_group_id);


--
-- TOC entry 3481 (class 1259 OID 25958)
-- Name: tb_pastoral_member_has_group_pastoral_member_id_d46b579a; Type: INDEX; Schema: public; Owner: postgres
--

CREATE INDEX tb_pastoral_member_has_group_pastoral_member_id_d46b579a ON public.tb_pastoral_member_has_group USING btree (pastoral_member_id);


--
-- TOC entry 3471 (class 1259 OID 25931)
-- Name: tb_pastoral_member_last_name_73b8b5d0; Type: INDEX; Schema: public; Owner: postgres
--

CREATE INDEX tb_pastoral_member_last_name_73b8b5d0 ON public.tb_pastoral_member USING btree (last_name);


--
-- TOC entry 3472 (class 1259 OID 25932)
-- Name: tb_pastoral_member_last_name_73b8b5d0_like; Type: INDEX; Schema: public; Owner: postgres
--

CREATE INDEX tb_pastoral_member_last_name_73b8b5d0_like ON public.tb_pastoral_member USING btree (last_name varchar_pattern_ops);


--
-- TOC entry 3473 (class 1259 OID 25936)
-- Name: tb_pastoral_member_nacionality_id_e46124bb; Type: INDEX; Schema: public; Owner: postgres
--

CREATE INDEX tb_pastoral_member_nacionality_id_e46124bb ON public.tb_pastoral_member USING btree (nacionality_id);


--
-- TOC entry 3476 (class 1259 OID 25937)
-- Name: tb_pastoral_member_religion_id_d5c46e49; Type: INDEX; Schema: public; Owner: postgres
--

CREATE INDEX tb_pastoral_member_religion_id_d5c46e49 ON public.tb_pastoral_member USING btree (religion_id);


--
-- TOC entry 3477 (class 1259 OID 25938)
-- Name: tb_pastoral_member_sacrament_id_710c0492; Type: INDEX; Schema: public; Owner: postgres
--

CREATE INDEX tb_pastoral_member_sacrament_id_710c0492 ON public.tb_pastoral_member USING btree (sacrament_id);


--
-- TOC entry 3478 (class 1259 OID 25939)
-- Name: tb_pastoral_member_school_id_fcae5b52; Type: INDEX; Schema: public; Owner: postgres
--

CREATE INDEX tb_pastoral_member_school_id_fcae5b52 ON public.tb_pastoral_member USING btree (school_id);


--
-- TOC entry 3479 (class 1259 OID 25940)
-- Name: tb_pastoral_member_university_id_5a745e71; Type: INDEX; Schema: public; Owner: postgres
--

CREATE INDEX tb_pastoral_member_university_id_5a745e71 ON public.tb_pastoral_member USING btree (university_id);


--
-- TOC entry 3459 (class 1259 OID 25557)
-- Name: tb_provider_institution_id_83f205f2; Type: INDEX; Schema: public; Owner: postgres
--

CREATE INDEX tb_provider_institution_id_83f205f2 ON public.tb_provider USING btree (institution_id);


--
-- TOC entry 3407 (class 1259 OID 25357)
-- Name: tb_province_country_id_47a74cd0; Type: INDEX; Schema: public; Owner: postgres
--

CREATE INDEX tb_province_country_id_47a74cd0 ON public.tb_province USING btree (country_id);


--
-- TOC entry 3502 (class 1259 OID 26139)
-- Name: tb_publication_pastoral_activity_id_81dccbfe; Type: INDEX; Schema: public; Owner: postgres
--

CREATE INDEX tb_publication_pastoral_activity_id_81dccbfe ON public.tb_publication USING btree (pastoral_activity_id);


--
-- TOC entry 3427 (class 1259 OID 25413)
-- Name: tb_religion_name_b784bb67_like; Type: INDEX; Schema: public; Owner: postgres
--

CREATE INDEX tb_religion_name_b784bb67_like ON public.tb_religion USING btree (name varchar_pattern_ops);


--
-- TOC entry 3432 (class 1259 OID 25414)
-- Name: tb_sacrament_name_e364c1e4_like; Type: INDEX; Schema: public; Owner: postgres
--

CREATE INDEX tb_sacrament_name_e364c1e4_like ON public.tb_sacrament USING btree (name varchar_pattern_ops);


--
-- TOC entry 3511 (class 2606 OID 25526)
-- Name: tb_agreement tb_agreement_institution_id_b4f86f50_fk_tb_institution_id; Type: FK CONSTRAINT; Schema: public; Owner: postgres
--

ALTER TABLE ONLY public.tb_agreement
    ADD CONSTRAINT tb_agreement_institution_id_b4f86f50_fk_tb_institution_id FOREIGN KEY (institution_id) REFERENCES public.tb_institution(id) DEFERRABLE INITIALLY DEFERRED;


--
-- TOC entry 3512 (class 2606 OID 25540)
-- Name: tb_agreement_project tb_agreement_project_agreement_id_3e7db84e_fk_tb_agreement_id; Type: FK CONSTRAINT; Schema: public; Owner: postgres
--

ALTER TABLE ONLY public.tb_agreement_project
    ADD CONSTRAINT tb_agreement_project_agreement_id_3e7db84e_fk_tb_agreement_id FOREIGN KEY (agreement_id) REFERENCES public.tb_agreement(id) DEFERRABLE INITIALLY DEFERRED;


--
-- TOC entry 3523 (class 2606 OID 26049)
-- Name: tb_chaplain tb_chaplain_congregation_id_cab91623_fk_tb_congregation_id; Type: FK CONSTRAINT; Schema: public; Owner: postgres
--

ALTER TABLE ONLY public.tb_chaplain
    ADD CONSTRAINT tb_chaplain_congregation_id_cab91623_fk_tb_congregation_id FOREIGN KEY (congregation_id) REFERENCES public.tb_congregation(id) DEFERRABLE INITIALLY DEFERRED;


--
-- TOC entry 3524 (class 2606 OID 26054)
-- Name: tb_chaplain tb_chaplain_pastoral_member_id_f8061ce6_fk_tb_pastor; Type: FK CONSTRAINT; Schema: public; Owner: postgres
--

ALTER TABLE ONLY public.tb_chaplain
    ADD CONSTRAINT tb_chaplain_pastoral_member_id_f8061ce6_fk_tb_pastor FOREIGN KEY (pastoral_member_id) REFERENCES public.tb_pastoral_member(id) DEFERRABLE INITIALLY DEFERRED;


--
-- TOC entry 3507 (class 2606 OID 25959)
-- Name: tb_congregation tb_congregation_religion_id_652cf65d_fk_tb_religion_id; Type: FK CONSTRAINT; Schema: public; Owner: postgres
--

ALTER TABLE ONLY public.tb_congregation
    ADD CONSTRAINT tb_congregation_religion_id_652cf65d_fk_tb_religion_id FOREIGN KEY (religion_id) REFERENCES public.tb_religion(id) DEFERRABLE INITIALLY DEFERRED;


--
-- TOC entry 3506 (class 2606 OID 25358)
-- Name: tb_county tb_county_province_id_9a33e529_fk_tb_province_id; Type: FK CONSTRAINT; Schema: public; Owner: postgres
--

ALTER TABLE ONLY public.tb_county
    ADD CONSTRAINT tb_county_province_id_9a33e529_fk_tb_province_id FOREIGN KEY (province_id) REFERENCES public.tb_province(id) DEFERRABLE INITIALLY DEFERRED;


--
-- TOC entry 3508 (class 2606 OID 25497)
-- Name: tb_institution tb_institution_country_id_47d80cf0_fk_tb_country_id; Type: FK CONSTRAINT; Schema: public; Owner: postgres
--

ALTER TABLE ONLY public.tb_institution
    ADD CONSTRAINT tb_institution_country_id_47d80cf0_fk_tb_country_id FOREIGN KEY (country_id) REFERENCES public.tb_country(id) DEFERRABLE INITIALLY DEFERRED;


--
-- TOC entry 3509 (class 2606 OID 25502)
-- Name: tb_institution tb_institution_county_id_bce6dc8d_fk_tb_county_id; Type: FK CONSTRAINT; Schema: public; Owner: postgres
--

ALTER TABLE ONLY public.tb_institution
    ADD CONSTRAINT tb_institution_county_id_bce6dc8d_fk_tb_county_id FOREIGN KEY (county_id) REFERENCES public.tb_county(id) DEFERRABLE INITIALLY DEFERRED;


--
-- TOC entry 3510 (class 2606 OID 25507)
-- Name: tb_institution tb_institution_type_id_e7f99d5d_fk_tb_type_institution_id; Type: FK CONSTRAINT; Schema: public; Owner: postgres
--

ALTER TABLE ONLY public.tb_institution
    ADD CONSTRAINT tb_institution_type_id_e7f99d5d_fk_tb_type_institution_id FOREIGN KEY (type_id) REFERENCES public.tb_type_institution(id) DEFERRABLE INITIALLY DEFERRED;


--
-- TOC entry 3527 (class 2606 OID 26095)
-- Name: tb_pastoral_activity_member tb_pastoral_activity_pastoral_activity_id_ff481520_fk_tb_pastor; Type: FK CONSTRAINT; Schema: public; Owner: postgres
--

ALTER TABLE ONLY public.tb_pastoral_activity_member
    ADD CONSTRAINT tb_pastoral_activity_pastoral_activity_id_ff481520_fk_tb_pastor FOREIGN KEY (pastoral_activity_id) REFERENCES public.tb_pastoral_activity(id) DEFERRABLE INITIALLY DEFERRED;


--
-- TOC entry 3528 (class 2606 OID 26100)
-- Name: tb_pastoral_activity_member tb_pastoral_activity_pastoral_coordinatio_90f8ef32_fk_tb_pastor; Type: FK CONSTRAINT; Schema: public; Owner: postgres
--

ALTER TABLE ONLY public.tb_pastoral_activity_member
    ADD CONSTRAINT tb_pastoral_activity_pastoral_coordinatio_90f8ef32_fk_tb_pastor FOREIGN KEY (pastoral_coordination_id) REFERENCES public.tb_pastoral_coordination(id) DEFERRABLE INITIALLY DEFERRED;


--
-- TOC entry 3529 (class 2606 OID 26105)
-- Name: tb_pastoral_activity_member tb_pastoral_activity_pastoral_member_id_f6586c3f_fk_tb_pastor; Type: FK CONSTRAINT; Schema: public; Owner: postgres
--

ALTER TABLE ONLY public.tb_pastoral_activity_member
    ADD CONSTRAINT tb_pastoral_activity_pastoral_member_id_f6586c3f_fk_tb_pastor FOREIGN KEY (pastoral_member_id) REFERENCES public.tb_pastoral_member(id) DEFERRABLE INITIALLY DEFERRED;


--
-- TOC entry 3530 (class 2606 OID 26120)
-- Name: tb_pastoral_activity_member tb_pastoral_activity_pastoral_visitor_id_760d2207_fk_tb_pastor; Type: FK CONSTRAINT; Schema: public; Owner: postgres
--

ALTER TABLE ONLY public.tb_pastoral_activity_member
    ADD CONSTRAINT tb_pastoral_activity_pastoral_visitor_id_760d2207_fk_tb_pastor FOREIGN KEY (pastoral_visitor_id) REFERENCES public.tb_pastoral_visitor(id) DEFERRABLE INITIALLY DEFERRED;


--
-- TOC entry 3526 (class 2606 OID 26083)
-- Name: tb_pastoral_activity tb_pastoral_activity_type_activity_id_cb3a891a_fk_tb_type_a; Type: FK CONSTRAINT; Schema: public; Owner: postgres
--

ALTER TABLE ONLY public.tb_pastoral_activity
    ADD CONSTRAINT tb_pastoral_activity_type_activity_id_cb3a891a_fk_tb_type_a FOREIGN KEY (type_activity_id) REFERENCES public.tb_type_activity(id) DEFERRABLE INITIALLY DEFERRED;


--
-- TOC entry 3525 (class 2606 OID 26069)
-- Name: tb_pastoral_coordination tb_pastoral_coordina_pastoral_member_id_315ff9f7_fk_tb_pastor; Type: FK CONSTRAINT; Schema: public; Owner: postgres
--

ALTER TABLE ONLY public.tb_pastoral_coordination
    ADD CONSTRAINT tb_pastoral_coordina_pastoral_member_id_315ff9f7_fk_tb_pastor FOREIGN KEY (pastoral_member_id) REFERENCES public.tb_pastoral_member(id) DEFERRABLE INITIALLY DEFERRED;


--
-- TOC entry 3514 (class 2606 OID 25894)
-- Name: tb_pastoral_member tb_pastoral_member_academic_level_id_0aa4574d_fk_tb_academ; Type: FK CONSTRAINT; Schema: public; Owner: postgres
--

ALTER TABLE ONLY public.tb_pastoral_member
    ADD CONSTRAINT tb_pastoral_member_academic_level_id_0aa4574d_fk_tb_academ FOREIGN KEY (academic_level_id) REFERENCES public.tb_academic_level(id) DEFERRABLE INITIALLY DEFERRED;


--
-- TOC entry 3515 (class 2606 OID 25899)
-- Name: tb_pastoral_member tb_pastoral_member_county_id_ed0ec5d2_fk_tb_county_id; Type: FK CONSTRAINT; Schema: public; Owner: postgres
--

ALTER TABLE ONLY public.tb_pastoral_member
    ADD CONSTRAINT tb_pastoral_member_county_id_ed0ec5d2_fk_tb_county_id FOREIGN KEY (county_id) REFERENCES public.tb_county(id) DEFERRABLE INITIALLY DEFERRED;


--
-- TOC entry 3521 (class 2606 OID 25947)
-- Name: tb_pastoral_member_has_group tb_pastoral_member_h_pastoral_group_id_7ba46d6c_fk_tb_pastor; Type: FK CONSTRAINT; Schema: public; Owner: postgres
--

ALTER TABLE ONLY public.tb_pastoral_member_has_group
    ADD CONSTRAINT tb_pastoral_member_h_pastoral_group_id_7ba46d6c_fk_tb_pastor FOREIGN KEY (pastoral_group_id) REFERENCES public.tb_pastoral_group(id) DEFERRABLE INITIALLY DEFERRED;


--
-- TOC entry 3522 (class 2606 OID 25952)
-- Name: tb_pastoral_member_has_group tb_pastoral_member_h_pastoral_member_id_d46b579a_fk_tb_pastor; Type: FK CONSTRAINT; Schema: public; Owner: postgres
--

ALTER TABLE ONLY public.tb_pastoral_member_has_group
    ADD CONSTRAINT tb_pastoral_member_h_pastoral_member_id_d46b579a_fk_tb_pastor FOREIGN KEY (pastoral_member_id) REFERENCES public.tb_pastoral_member(id) DEFERRABLE INITIALLY DEFERRED;


--
-- TOC entry 3516 (class 2606 OID 25904)
-- Name: tb_pastoral_member tb_pastoral_member_nacionality_id_e46124bb_fk_tb_country_id; Type: FK CONSTRAINT; Schema: public; Owner: postgres
--

ALTER TABLE ONLY public.tb_pastoral_member
    ADD CONSTRAINT tb_pastoral_member_nacionality_id_e46124bb_fk_tb_country_id FOREIGN KEY (nacionality_id) REFERENCES public.tb_country(id) DEFERRABLE INITIALLY DEFERRED;


--
-- TOC entry 3517 (class 2606 OID 25909)
-- Name: tb_pastoral_member tb_pastoral_member_religion_id_d5c46e49_fk_tb_religion_id; Type: FK CONSTRAINT; Schema: public; Owner: postgres
--

ALTER TABLE ONLY public.tb_pastoral_member
    ADD CONSTRAINT tb_pastoral_member_religion_id_d5c46e49_fk_tb_religion_id FOREIGN KEY (religion_id) REFERENCES public.tb_religion(id) DEFERRABLE INITIALLY DEFERRED;


--
-- TOC entry 3518 (class 2606 OID 25914)
-- Name: tb_pastoral_member tb_pastoral_member_sacrament_id_710c0492_fk_tb_sacrament_id; Type: FK CONSTRAINT; Schema: public; Owner: postgres
--

ALTER TABLE ONLY public.tb_pastoral_member
    ADD CONSTRAINT tb_pastoral_member_sacrament_id_710c0492_fk_tb_sacrament_id FOREIGN KEY (sacrament_id) REFERENCES public.tb_sacrament(id) DEFERRABLE INITIALLY DEFERRED;


--
-- TOC entry 3519 (class 2606 OID 25919)
-- Name: tb_pastoral_member tb_pastoral_member_school_id_fcae5b52_fk_tb_school_id; Type: FK CONSTRAINT; Schema: public; Owner: postgres
--

ALTER TABLE ONLY public.tb_pastoral_member
    ADD CONSTRAINT tb_pastoral_member_school_id_fcae5b52_fk_tb_school_id FOREIGN KEY (school_id) REFERENCES public.tb_school(id) DEFERRABLE INITIALLY DEFERRED;


--
-- TOC entry 3520 (class 2606 OID 25924)
-- Name: tb_pastoral_member tb_pastoral_member_university_id_5a745e71_fk_tb_university_id; Type: FK CONSTRAINT; Schema: public; Owner: postgres
--

ALTER TABLE ONLY public.tb_pastoral_member
    ADD CONSTRAINT tb_pastoral_member_university_id_5a745e71_fk_tb_university_id FOREIGN KEY (university_id) REFERENCES public.tb_university(id) DEFERRABLE INITIALLY DEFERRED;


--
-- TOC entry 3513 (class 2606 OID 25552)
-- Name: tb_provider tb_provider_institution_id_83f205f2_fk_tb_institution_id; Type: FK CONSTRAINT; Schema: public; Owner: postgres
--

ALTER TABLE ONLY public.tb_provider
    ADD CONSTRAINT tb_provider_institution_id_83f205f2_fk_tb_institution_id FOREIGN KEY (institution_id) REFERENCES public.tb_institution(id) DEFERRABLE INITIALLY DEFERRED;


--
-- TOC entry 3505 (class 2606 OID 25352)
-- Name: tb_province tb_province_country_id_47a74cd0_fk_tb_country_id; Type: FK CONSTRAINT; Schema: public; Owner: postgres
--

ALTER TABLE ONLY public.tb_province
    ADD CONSTRAINT tb_province_country_id_47a74cd0_fk_tb_country_id FOREIGN KEY (country_id) REFERENCES public.tb_country(id) DEFERRABLE INITIALLY DEFERRED;


--
-- TOC entry 3531 (class 2606 OID 26134)
-- Name: tb_publication tb_publication_pastoral_activity_id_81dccbfe_fk_tb_pastor; Type: FK CONSTRAINT; Schema: public; Owner: postgres
--

ALTER TABLE ONLY public.tb_publication
    ADD CONSTRAINT tb_publication_pastoral_activity_id_81dccbfe_fk_tb_pastor FOREIGN KEY (pastoral_activity_id) REFERENCES public.tb_pastoral_activity(id) DEFERRABLE INITIALLY DEFERRED;


-- Completed on 2024-08-18 16:50:36 CDT

--
-- PostgreSQL database dump complete
--

